Timestamp,Raw Data
2026-07-26 21:54:23,"5708988,-0.01,-3.14,0.00,0.00,0.00,0.00,5.71"
2026-07-26 21:54:23,"5713560,-0.01,-3.14,0.00,0.00,0.00,0.00,0.00"
2026-07-26 21:54:23,"5718124,-0.01,-3.14,0.00,0.00,0.00,0.00,0.00"
2026-07-26 21:54:23,"5722692,-0.01,-3.14,0.00,0.00,0.00,0.00,0.00"
2026-07-26 21:54:23,"5727252,-0.01,-3.14,0.00,0.00,0.00,0.00,0.00"
2026-07-26 21:54:23,"5731820,-0.01,-3.14,0.00,0.00,0.00,0.00,0.00"
2026-07-26 21:54:23,"5736380,-0.01,-3.14,0.00,0.00,0.00,0.00,0.00"
2026-07-26 21:54:23,"5740948,-0.01,-3.14,0.00,0.00,0.00,0.00,0.00"
2026-07-26 21:54:23,"5745520,-0.01,-3.14,0.00,0.00,0.00,0.00,0.00"
2026-07-26 21:54:23,"5750084,-0.01,-3.14,0.00,0.00,0.00,0.00,0.00"
2026-07-26 21:54:23,"5754644,-0.01,-3.14,0.00,0.00,0.00,0.00,0.00"
2026-07-26 21:54:23,"5759208,-0.01,-3.14,0.00,0.00,0.00,0.00,0.00"
2026-07-26 21:54:23,"5763780,-0.01,-3.14,0.00,0.00,0.00,0.00,0.00"
2026-07-26 21:54:23,"5768348,-0.01,-3.14,0.00,0.00,0.00,0.00,0.00"
2026-07-26 21:54:23,"5772920,-0.01,-3.14,0.00,0.00,0.00,0.00,0.00"
2026-07-26 21:54:23,"5777480,-0.01,-3.14,0.00,0.00,0.00,0.00,0.00"
2026-07-26 21:54:23,"5782040,-0.01,-3.14,0.00,0.00,0.00,0.00,0.00"
2026-07-26 21:54:23,"5786596,-0.01,-3.14,0.00,0.00,0.00,0.00,0.00"
2026-07-26 21:54:23,"5791176,-0.01,-3.14,0.00,0.00,0.00,0.00,0.00"
2026-07-26 21:54:23,"5795740,-0.01,-3.14,0.00,0.00,0.00,0.00,0.00"
2026-07-26 21:54:23,"5800304,-0.01,-3.14,0.00,0.00,0.00,0.00,0.00"
2026-07-26 21:54:23,"5804864,-0.01,-3.14,0.00,0.00,0.00,0.00,0.00"
2026-07-26 21:54:23,"5809428,-0.01,-3.14,0.00,0.00,0.00,0.00,0.00"
2026-07-26 21:54:23,"5814000,-0.01,-3.14,0.00,0.00,0.00,0.00,0.00"
2026-07-26 21:54:23,"5818560,-0.01,-3.14,0.00,0.00,0.00,0.00,0.00"
2026-07-26 21:54:23,"5823124,-0.01,-3.14,0.00,0.00,0.00,0.00,0.00"
2026-07-26 21:54:23,"5827692,-0.01,-3.14,0.00,0.00,0.00,0.00,0.00"
2026-07-26 21:54:23,"5832256,-0.01,-3.14,0.00,0.00,0.00,0.00,0.00"
2026-07-26 21:54:23,"5836816,-0.01,-3.14,0.00,0.00,0.00,0.00,0.00"
2026-07-26 21:54:23,"5841380,-0.01,-3.14,0.00,0.00,0.00,0.00,0.00"
2026-07-26 21:54:23,"5845932,-0.01,-3.14,0.00,0.00,0.00,0.00,0.00"
2026-07-26 21:54:23,"5850504,-0.01,-3.14,0.00,0.00,0.00,0.00,0.00"
2026-07-26 21:54:23,"5855072,-0.01,-3.14,0.00,0.00,0.00,0.00,0.00"
2026-07-26 21:54:23,"5859644,-0.01,-3.14,0.00,0.00,0.00,0.00,0.00"
2026-07-26 21:54:23,"5864204,-0.01,-3.14,0.00,0.00,0.00,0.00,0.00"
2026-07-26 21:54:23,"5868768,-0.01,-3.14,0.00,0.00,0.00,0.00,0.00"
2026-07-26 21:54:23,"5873336,-0.01,-3.14,0.00,0.00,0.00,0.00,0.00"
2026-07-26 21:54:23,"5877904,-0.01,-3.14,0.00,0.00,0.00,0.00,0.00"
2026-07-26 21:54:23,"5882472,-0.01,-3.14,0.00,0.00,0.00,0.00,0.00"
2026-07-26 21:54:23,"5887032,-0.01,-3.14,0.00,0.00,0.00,0.00,0.00"
2026-07-26 21:54:23,"5891588,-0.01,-3.14,0.00,0.00,0.00,0.00,0.00"
2026-07-26 21:54:23,"5896148,-0.01,-3.14,0.00,0.00,0.00,0.00,0.00"
2026-07-26 21:54:23,"5900716,-0.01,-3.14,0.00,0.00,0.00,0.00,0.00"
2026-07-26 21:54:23,"5905280,-0.01,-3.14,0.00,0.00,0.00,0.00,0.00"
2026-07-26 21:54:23,"5909840,-0.01,-3.14,0.00,0.00,0.00,0.00,0.00"
2026-07-26 21:54:23,"5914400,-0.01,-3.14,0.00,0.00,0.00,0.00,0.00"
2026-07-26 21:54:23,"5918960,-0.01,-3.14,0.00,0.00,0.00,0.00,0.00"
2026-07-26 21:54:23,"5923524,-0.01,-3.14,0.00,0.00,0.00,0.00,0.00"
2026-07-26 21:54:24,"5928084,-0.01,-3.14,0.00,0.00,0.00,0.00,0.00"
2026-07-26 21:54:24,"5932648,-0.01,-3.14,0.00,0.00,0.00,0.00,0.00"
2026-07-26 21:54:24,"5937208,-0.01,-3.14,0.00,0.00,0.00,0.00,0.00"
2026-07-26 21:54:24,"5941772,-0.01,-3.14,0.00,0.00,0.00,0.00,0.00"
2026-07-26 21:54:24,"5946324,-0.01,-3.14,0.00,0.00,0.00,0.00,0.00"
2026-07-26 21:54:24,"5950884,-0.01,-3.14,0.00,0.00,0.00,0.00,0.00"
2026-07-26 21:54:24,"5955448,-0.01,-3.14,0.00,0.00,0.00,0.00,0.00"
2026-07-26 21:54:24,"5960008,-0.01,-3.14,0.00,0.00,0.00,0.00,0.00"
2026-07-26 21:54:24,"5964568,-0.01,-3.14,0.00,0.00,0.00,0.00,0.00"
2026-07-26 21:54:24,"5969128,-0.01,-3.14,0.00,0.00,0.00,0.00,0.00"
2026-07-26 21:54:24,"5973692,-0.01,-3.14,0.00,0.00,0.00,0.00,0.00"
2026-07-26 21:54:24,"5978252,-0.01,-3.14,0.00,0.00,0.00,0.00,0.00"
2026-07-26 21:54:24,"5982816,-0.01,-3.14,0.00,0.00,0.00,0.00,0.00"
2026-07-26 21:54:24,"5987376,-0.01,-3.14,0.00,0.00,0.00,0.00,0.00"
2026-07-26 21:54:24,"5991940,-0.01,-3.14,0.00,0.00,0.00,0.00,0.00"
2026-07-26 21:54:24,"5996496,-0.01,-3.14,0.00,0.00,0.00,0.00,0.00"
2026-07-26 21:54:24,"6001064,-0.01,-3.14,0.00,0.00,0.00,0.00,0.00"
2026-07-26 21:54:24,"6005628,-0.01,-3.14,0.00,0.00,0.00,0.00,0.00"
2026-07-26 21:54:24,"6010188,-0.01,-3.14,0.00,0.00,0.00,0.00,0.00"
2026-07-26 21:54:24,"6014748,-0.01,-3.14,0.00,0.00,0.00,0.00,0.00"
2026-07-26 21:54:24,"6019312,-0.01,-3.14,0.00,0.00,0.00,0.00,0.00"
2026-07-26 21:54:24,"6023876,-0.01,-3.14,0.00,0.00,0.00,0.00,0.00"
2026-07-26 21:54:24,"6028436,-0.01,-3.14,0.00,0.00,0.00,0.00,0.00"
2026-07-26 21:54:24,"6033000,-0.01,-3.14,0.00,0.00,0.00,0.00,0.00"
2026-07-26 21:54:24,"6037560,-0.01,-3.14,0.00,0.00,0.00,0.00,0.00"
2026-07-26 21:54:24,"6042128,-0.01,-3.14,0.00,0.00,0.00,0.00,0.00"
2026-07-26 21:54:24,"6046680,-0.01,-3.14,0.00,0.00,0.00,0.00,0.00"
2026-07-26 21:54:24,"6051252,-0.01,-3.14,0.00,0.00,0.00,0.00,0.00"
2026-07-26 21:54:24,"6055812,-0.01,-3.14,0.00,0.00,0.00,0.00,0.00"
2026-07-26 21:54:24,"6060376,-0.01,-3.14,0.00,0.00,0.00,0.00,0.00"
2026-07-26 21:54:24,"6064940,-0.01,-3.14,0.00,0.00,0.00,0.00,0.00"
2026-07-26 21:54:24,"6069500,-0.01,-3.14,0.00,0.00,0.00,0.00,0.00"
2026-07-26 21:54:24,"6074064,-0.01,-3.14,0.00,0.00,0.00,0.00,0.00"
2026-07-26 21:54:24,"6078624,-0.01,-3.14,0.00,0.00,0.00,0.00,0.00"
2026-07-26 21:54:24,"6083184,-0.01,-3.14,0.00,0.00,0.00,0.00,0.00"
2026-07-26 21:54:24,"6087744,-0.01,-3.14,0.00,0.00,0.00,0.00,0.00"
2026-07-26 21:54:24,"6092308,-0.01,-3.14,0.00,0.00,0.00,0.00,0.00"
2026-07-26 21:54:24,"6096864,-0.01,-3.14,0.00,0.00,0.00,0.00,0.00"
2026-07-26 21:54:24,"6101424,-0.01,-3.14,0.00,0.00,0.00,0.00,0.00"
2026-07-26 21:54:24,"6105988,-0.01,-3.14,0.00,0.00,0.00,0.00,0.00"
2026-07-26 21:54:24,"6110552,-0.01,-3.14,0.00,0.00,0.00,0.00,0.00"
2026-07-26 21:54:24,"6115116,-0.01,-3.14,0.00,0.00,0.00,0.00,0.00"
2026-07-26 21:54:24,"6119676,-0.01,-3.14,0.00,0.00,0.00,0.00,0.00"
2026-07-26 21:54:24,"6124240,-0.01,-3.14,0.00,0.00,0.00,0.00,0.00"
2026-07-26 21:54:24,"6128800,-0.01,-3.14,0.00,0.00,0.00,0.00,0.00"
2026-07-26 21:54:24,"6133364,-0.01,-3.14,0.00,0.00,0.00,0.00,0.00"
2026-07-26 21:54:24,"6137928,-0.01,-3.14,0.00,0.00,0.00,0.00,0.00"
2026-07-26 21:54:24,"6142488,-0.01,-3.14,0.00,0.00,0.00,0.00,0.00"
2026-07-26 21:54:24,"6147044,-0.01,-3.14,0.00,0.00,0.00,0.00,0.00"
2026-07-26 21:54:24,"6151604,-0.01,-3.14,0.00,0.00,0.00,0.00,0.00"
2026-07-26 21:54:24,"6156164,-0.01,-3.14,0.00,0.00,0.00,0.00,0.00"
2026-07-26 21:54:24,"6160728,-0.01,-3.14,0.00,0.00,0.00,0.00,0.00"
2026-07-26 21:54:24,"6165288,-0.01,-3.14,0.00,0.00,0.00,0.00,0.00"
2026-07-26 21:54:24,"6169848,-0.01,-3.14,0.00,0.00,0.00,0.00,0.00"
2026-07-26 21:54:24,"6174408,-0.01,-3.14,0.00,0.00,0.00,0.00,0.00"
2026-07-26 21:54:24,"6178968,-0.01,-3.14,0.00,0.00,0.00,0.00,0.00"
2026-07-26 21:54:24,"6183532,-0.01,-3.14,0.00,0.00,0.00,0.00,0.00"
2026-07-26 21:54:24,"6188092,-0.01,-3.14,0.00,0.00,0.00,0.00,0.00"
2026-07-26 21:54:24,"6192656,-0.01,-3.14,0.00,0.00,0.00,0.00,0.00"
2026-07-26 21:54:24,"6197212,-0.01,-3.14,0.00,0.00,0.00,0.00,0.00"
2026-07-26 21:54:24,"6201780,-0.01,-3.14,0.00,0.00,0.00,0.00,0.00"
2026-07-26 21:54:24,"6206344,-0.01,-3.14,0.00,0.00,0.00,0.00,0.00"
2026-07-26 21:54:24,"6210908,-0.01,-3.14,0.00,0.00,0.00,0.00,0.00"
2026-07-26 21:54:24,"6215472,-0.01,-3.14,0.00,0.00,0.00,0.00,0.00"
2026-07-26 21:54:24,"6220040,-0.01,-3.14,0.00,0.00,0.00,0.00,0.00"
2026-07-26 21:54:24,"6224608,-0.01,-3.14,0.00,0.00,0.00,0.00,0.00"
2026-07-26 21:54:24,"6229176,-0.01,-3.14,0.00,0.00,0.00,0.00,0.00"
2026-07-26 21:54:24,"6233736,-0.01,-3.14,0.00,0.00,0.00,0.00,0.00"
2026-07-26 21:54:24,"6238304,-0.01,-3.14,0.00,0.00,0.00,0.00,0.00"
2026-07-26 21:54:24,"6242876,-0.01,-3.14,0.00,0.00,0.00,0.00,0.00"
2026-07-26 21:54:24,"6247444,-0.01,-3.14,0.00,0.00,0.00,0.00,0.00"
2026-07-26 21:54:24,"6252000,-0.01,-3.14,0.00,0.00,0.00,0.00,0.00"
2026-07-26 21:54:24,"6256560,-0.01,-3.14,0.00,0.00,0.00,0.00,0.00"
2026-07-26 21:54:24,"6261124,-0.01,-3.14,0.00,0.00,0.00,0.00,0.00"
2026-07-26 21:54:24,"6265688,-0.01,-3.14,0.00,0.00,0.00,0.00,0.00"
2026-07-26 21:54:24,"6270256,-0.01,-3.14,0.00,0.00,0.00,0.00,0.00"
2026-07-26 21:54:24,"6274828,-0.01,-3.14,0.00,0.00,0.00,0.00,0.00"
2026-07-26 21:54:24,"6279388,-0.01,-3.14,0.00,0.00,0.00,0.00,0.00"
2026-07-26 21:54:24,"6283948,-0.01,-3.14,0.00,0.00,0.00,0.00,0.00"
2026-07-26 21:54:24,"6288512,-0.01,-3.14,0.00,0.00,0.00,0.00,0.00"
2026-07-26 21:54:24,"6293084,-0.01,-3.14,0.00,0.00,0.00,0.00,0.00"
2026-07-26 21:54:24,"6297648,-0.01,-3.14,0.00,0.00,0.00,0.00,0.00"
2026-07-26 21:54:24,"6302216,-0.01,-3.14,0.00,0.00,0.00,0.00,0.00"
2026-07-26 21:54:24,"6306776,-0.01,-3.14,0.00,0.00,0.00,0.00,0.00"
2026-07-26 21:54:24,"6311352,-0.01,-3.14,0.00,0.00,0.00,0.00,0.00"
2026-07-26 21:54:24,"6315920,-0.01,-3.14,0.00,0.00,0.00,0.00,0.00"
2026-07-26 21:54:24,"6320484,-0.01,-3.14,0.00,0.00,0.00,0.00,0.00"
2026-07-26 21:54:24,"6325052,-0.01,-3.14,0.00,0.00,0.00,0.00,0.00"
2026-07-26 21:54:24,"6329616,-0.01,-3.14,0.00,0.00,0.00,0.00,0.00"
2026-07-26 21:54:24,"6334184,-0.01,-3.14,0.00,0.00,0.00,0.00,0.00"
2026-07-26 21:54:24,"6338756,-0.01,-3.14,0.00,0.00,0.00,0.00,0.00"
2026-07-26 21:54:24,"6343324,-0.01,-3.14,0.00,0.00,0.00,0.00,0.00"
2026-07-26 21:54:24,"6347888,-0.01,-3.14,0.00,0.00,0.00,0.00,0.00"
2026-07-26 21:54:24,"6352456,-0.01,-3.14,0.00,0.00,0.00,0.00,0.00"
2026-07-26 21:54:24,"6357020,-0.01,-3.14,0.00,0.00,0.00,0.00,0.00"
2026-07-26 21:54:24,"6361576,-0.01,-3.14,0.00,0.00,0.00,0.00,0.00"
2026-07-26 21:54:24,"6366136,-0.01,-3.14,0.00,0.00,0.00,0.00,0.00"
2026-07-26 21:54:24,"6370704,-0.01,-3.14,0.00,0.00,0.00,0.00,0.00"
2026-07-26 21:54:24,"6375272,-0.01,-3.14,0.00,0.00,0.00,0.00,0.00"
2026-07-26 21:54:24,"6379836,-0.01,-3.14,0.00,0.00,0.00,0.00,0.00"
2026-07-26 21:54:24,"6384404,-0.01,-3.14,0.00,0.00,0.00,0.00,0.00"
2026-07-26 21:54:24,"6388968,-0.01,-3.14,0.00,0.00,0.00,0.00,0.00"
2026-07-26 21:54:24,"6393532,-0.01,-3.14,0.00,0.00,0.00,0.00,0.00"
2026-07-26 21:54:24,"6398096,-0.01,-3.14,0.00,0.00,0.00,0.00,0.00"
2026-07-26 21:54:24,"6402664,-0.01,-3.14,0.00,0.00,0.00,0.00,0.00"
2026-07-26 21:54:24,"6407224,-0.01,-3.14,0.00,0.00,0.00,0.00,0.00"
2026-07-26 21:54:24,"6411788,-0.01,-3.14,0.00,0.00,0.00,0.00,0.00"
2026-07-26 21:54:24,"6416344,-0.01,-3.14,0.00,0.00,0.00,0.00,0.00"
2026-07-26 21:54:24,"6420912,-0.01,-3.14,0.00,0.00,0.00,0.00,0.00"
2026-07-26 21:54:24,"6425476,-0.01,-3.14,0.00,0.00,0.00,0.00,0.00"
2026-07-26 21:54:24,"6430036,-0.01,-3.14,0.00,0.00,0.00,0.00,0.00"
2026-07-26 21:54:24,"6434600,-0.01,-3.14,0.00,0.00,0.00,0.00,0.00"
2026-07-26 21:54:24,"6439160,-0.01,-3.14,0.00,0.00,0.00,0.00,0.00"
2026-07-26 21:54:24,"6443724,-0.01,-3.14,0.00,0.00,0.00,0.00,0.00"
2026-07-26 21:54:24,"6448284,-0.01,-3.14,0.00,0.00,0.00,0.00,0.00"
2026-07-26 21:54:24,"6452848,-0.01,-3.14,0.00,0.00,0.00,0.00,0.00"
2026-07-26 21:54:24,"6457408,-0.01,-3.14,0.00,0.00,0.00,0.00,0.00"
2026-07-26 21:54:24,"6461964,-0.01,-3.14,0.00,0.00,0.00,0.00,0.00"
2026-07-26 21:54:24,"6466516,-0.01,-3.14,0.00,0.00,0.00,0.00,0.00"
2026-07-26 21:54:24,"6471088,-0.01,-3.14,0.00,0.00,0.00,0.00,0.00"
2026-07-26 21:54:24,"6475652,-0.01,-3.14,0.00,0.00,0.00,0.00,0.00"
2026-07-26 21:54:24,"6480212,-0.01,-3.14,0.00,0.00,0.00,0.00,0.00"
2026-07-26 21:54:24,"6484776,-0.01,-3.14,0.00,0.00,0.00,0.00,0.00"
2026-07-26 21:54:24,"6489336,-0.01,-3.14,0.00,0.00,0.00,0.00,0.00"
2026-07-26 21:54:24,"6493900,-0.01,-3.14,0.00,0.00,0.00,0.00,0.00"
2026-07-26 21:54:24,"6498460,-0.01,-3.14,0.00,0.00,0.00,0.00,0.00"
2026-07-26 21:54:24,"6503016,-0.01,-3.14,0.00,0.00,0.00,0.00,0.00"
2026-07-26 21:54:24,"6507580,-0.01,-3.14,0.00,0.00,0.00,0.00,0.00"
2026-07-26 21:54:24,"6512136,-0.01,-3.14,0.00,0.00,0.00,0.00,0.00"
2026-07-26 21:54:24,"6516692,-0.01,-3.14,0.00,0.00,0.00,0.00,0.00"
2026-07-26 21:54:24,"6521252,-0.01,-3.14,0.00,0.00,0.00,0.00,0.00"
2026-07-26 21:54:24,"6525820,-0.01,-3.14,0.00,0.00,0.00,0.00,0.00"
2026-07-26 21:54:24,"6530380,-0.01,-3.14,0.00,0.00,0.00,0.00,0.00"
2026-07-26 21:54:24,"6534944,-0.01,-3.14,0.00,0.00,0.00,0.00,0.00"
2026-07-26 21:54:24,"6539504,-0.01,-3.14,0.00,0.00,0.00,0.00,0.00"
2026-07-26 21:54:24,"6544068,-0.01,-3.14,0.00,0.00,0.00,0.00,0.00"
2026-07-26 21:54:24,"6548628,-0.01,-3.14,0.00,0.00,0.00,0.00,0.00"
2026-07-26 21:54:24,"6553192,-0.01,-3.14,0.00,0.00,0.00,0.00,0.00"
2026-07-26 21:54:24,"6557756,-0.01,-3.14,0.00,0.00,0.00,0.00,0.00"
2026-07-26 21:54:24,"6562308,-0.01,-3.14,0.00,0.00,0.00,0.00,0.00"
2026-07-26 21:54:24,"6566860,-0.01,-3.14,0.00,0.00,0.00,0.00,0.00"
2026-07-26 21:54:24,"6571428,-0.01,-3.14,0.00,0.00,0.00,0.00,0.00"
2026-07-26 21:54:24,"6575992,-0.01,-3.14,0.00,0.00,0.00,0.00,0.00"
2026-07-26 21:54:24,"6580552,-0.01,-3.14,0.00,0.00,0.00,0.00,0.00"
2026-07-26 21:54:24,"6585112,-0.01,-3.14,0.00,0.00,0.00,0.00,0.00"
2026-07-26 21:54:24,"6589672,-0.01,-3.14,0.00,0.00,0.00,0.00,0.00"
2026-07-26 21:54:24,"6594232,-0.01,-3.14,0.00,0.00,0.00,0.00,0.00"
2026-07-26 21:54:24,"6598792,-0.01,-3.14,0.00,0.00,0.00,0.00,0.00"
2026-07-26 21:54:24,"6603356,-0.01,-3.14,0.00,0.00,0.00,0.00,0.00"
2026-07-26 21:54:24,"6607920,-0.01,-3.14,0.00,0.00,0.00,0.00,0.00"
2026-07-26 21:54:24,"6612480,-0.01,-3.14,0.00,0.00,0.00,0.00,0.00"
2026-07-26 21:54:24,"6617036,-0.01,-3.14,0.00,0.00,0.00,0.00,0.00"
2026-07-26 21:54:24,"6621604,-0.01,-3.14,0.00,0.00,0.00,0.00,0.00"
2026-07-26 21:54:24,"6626164,-0.01,-3.14,0.00,0.00,0.00,0.00,0.00"
2026-07-26 21:54:24,"6630728,-0.01,-3.14,0.00,0.00,0.00,0.00,0.00"
2026-07-26 21:54:24,"6635288,-0.01,-3.14,0.00,0.00,0.00,0.00,0.00"
2026-07-26 21:54:24,"6639848,-0.01,-3.14,0.00,0.00,0.00,0.00,0.00"
2026-07-26 21:54:24,"6644412,-0.01,-3.14,0.00,0.00,0.00,0.00,0.00"
2026-07-26 21:54:24,"6648972,-0.01,-3.14,0.00,0.00,0.00,0.00,0.00"
2026-07-26 21:54:24,"6653536,-0.01,-3.14,0.00,0.00,0.00,0.00,0.00"
2026-07-26 21:54:24,"6658096,-0.01,-3.14,0.00,0.00,0.00,0.00,0.00"
2026-07-26 21:54:24,"6662660,-0.01,-3.14,0.00,0.00,0.00,0.00,0.00"
2026-07-26 21:54:24,"6667212,-0.01,-3.14,0.00,0.00,0.00,0.00,0.00"
2026-07-26 21:54:24,"6671780,-0.01,-3.14,0.00,0.00,0.00,0.00,0.00"
2026-07-26 21:54:24,"6676340,-0.01,-3.14,0.00,0.00,0.00,0.00,0.00"
2026-07-26 21:54:24,"6680904,-0.01,-3.14,0.00,0.00,0.00,0.00,0.00"
2026-07-26 21:54:24,"6685464,-0.01,-3.14,0.00,0.00,0.00,0.00,0.00"
2026-07-26 21:54:24,"6690024,-0.01,-3.14,0.00,0.00,0.00,0.00,0.00"
2026-07-26 21:54:24,"6694588,-0.01,-3.14,0.00,0.00,0.00,0.00,0.00"
2026-07-26 21:54:24,"6699148,-0.01,-3.14,0.00,0.00,0.00,0.00,0.00"
2026-07-26 21:54:24,"6703716,-0.01,-3.14,0.00,0.00,0.00,0.00,0.00"
2026-07-26 21:54:24,"6708276,-0.01,-3.14,0.00,0.00,0.00,0.00,0.00"
2026-07-26 21:54:24,"6712840,-0.01,-3.14,0.00,0.00,0.00,0.00,0.00"
2026-07-26 21:54:24,"6717396,-0.01,-3.14,0.00,0.00,0.00,0.00,0.00"
2026-07-26 21:54:24,"6721964,-0.01,-3.14,0.00,0.00,0.00,0.00,0.00"
2026-07-26 21:54:24,"6726528,-0.01,-3.14,0.00,0.00,0.00,0.00,0.00"
2026-07-26 21:54:24,"6731088,-0.01,-3.14,0.00,0.00,0.00,0.00,0.00"
2026-07-26 21:54:24,"6735648,-0.01,-3.14,0.00,0.00,0.00,0.00,0.00"
2026-07-26 21:54:24,"6740212,-0.01,-3.14,0.00,0.00,0.00,0.00,0.00"
2026-07-26 21:54:24,"6744772,-0.01,-3.14,0.00,0.00,0.00,0.00,0.00"
2026-07-26 21:54:24,"6749332,-0.01,-3.14,0.00,0.00,0.00,0.00,0.00"
2026-07-26 21:54:24,"6753888,-0.01,-3.14,0.00,0.00,0.00,0.00,0.00"
2026-07-26 21:54:24,"6758448,-0.01,-3.14,0.00,0.00,0.00,0.00,0.00"
2026-07-26 21:54:24,"6763012,-0.01,-3.14,0.00,0.00,0.00,0.00,0.00"
2026-07-26 21:54:24,"6767568,-0.01,-3.14,0.00,0.00,0.00,0.00,0.00"
2026-07-26 21:54:24,"6772136,-0.01,-3.14,0.00,0.00,0.00,0.00,0.00"
2026-07-26 21:54:24,"6776696,-0.01,-3.14,0.00,0.00,0.00,0.00,0.00"
2026-07-26 21:54:24,"6781260,-0.01,-3.14,0.00,0.00,0.00,0.00,0.00"
2026-07-26 21:54:24,"6785820,-0.01,-3.14,0.00,0.00,0.00,0.00,0.00"
2026-07-26 21:54:24,"6790380,-0.01,-3.14,0.00,0.00,0.00,0.00,0.00"
2026-07-26 21:54:24,"6794944,-0.01,-3.14,0.00,0.00,0.00,0.00,0.00"
2026-07-26 21:54:24,"6799504,-0.01,-3.14,0.00,0.00,0.00,0.00,0.00"
2026-07-26 21:54:24,"6804068,-0.01,-3.14,0.00,0.00,0.00,0.00,0.00"
2026-07-26 21:54:24,"6808628,-0.01,-3.14,0.00,0.00,0.00,0.00,0.00"
2026-07-26 21:54:24,"6813192,-0.01,-3.14,0.00,0.00,0.00,0.00,0.00"
2026-07-26 21:54:24,"6817748,-0.01,-3.14,0.00,0.00,0.00,0.00,0.00"
2026-07-26 21:54:24,"6822308,-0.01,-3.14,0.00,0.00,0.00,0.00,0.00"
2026-07-26 21:54:24,"6826872,-0.01,-3.14,0.00,0.00,0.00,0.00,0.00"
2026-07-26 21:54:24,"6831436,-0.01,-3.14,0.00,0.00,0.00,0.00,0.00"
2026-07-26 21:54:24,"6836000,-0.01,-3.14,0.00,0.00,0.00,0.00,0.00"
2026-07-26 21:54:24,"6840556,-0.01,-3.14,0.00,0.00,0.00,0.00,0.00"
2026-07-26 21:54:24,"6845120,-0.01,-3.14,0.00,0.00,0.00,0.00,0.00"
2026-07-26 21:54:24,"6849680,-0.01,-3.14,0.00,0.00,0.00,0.00,0.00"
2026-07-26 21:54:24,"6854244,-0.01,-3.14,0.00,0.00,0.00,0.00,0.00"
2026-07-26 21:54:24,"6858808,-0.01,-3.14,0.00,0.00,0.00,0.00,0.00"
2026-07-26 21:54:24,"6863368,-0.01,-3.14,0.00,0.00,0.00,0.00,0.00"
2026-07-26 21:54:24,"6867924,-0.01,-3.14,0.00,0.00,0.00,0.00,0.00"
2026-07-26 21:54:24,"6872496,-0.01,-3.14,0.00,0.00,0.00,0.00,0.00"
2026-07-26 21:54:24,"6877060,-0.01,-3.14,0.00,0.00,0.00,0.00,0.00"
2026-07-26 21:54:24,"6881620,-0.01,-3.14,0.00,0.00,0.00,0.00,0.00"
2026-07-26 21:54:24,"6886180,-0.01,-3.14,0.00,0.00,0.00,0.00,0.00"
2026-07-26 21:54:24,"6890740,-0.01,-3.14,0.00,0.00,0.00,0.00,0.00"
2026-07-26 21:54:24,"6895304,-0.01,-3.14,0.00,0.00,0.00,0.00,0.00"
2026-07-26 21:54:24,"6899864,-0.01,-3.14,0.00,0.00,0.00,0.00,0.00"
2026-07-26 21:54:24,"6904428,-0.01,-3.14,0.00,0.00,0.00,0.00,0.00"
2026-07-26 21:54:24,"6908988,-0.01,-3.14,0.00,0.00,0.00,0.00,0.00"
2026-07-26 21:54:24,"6913552,-0.01,-3.14,0.00,0.00,0.00,0.00,0.00"
2026-07-26 21:54:24,"6918108,-0.01,-3.14,0.00,0.00,0.00,0.00,0.00"
2026-07-26 21:54:24,"6922680,-0.01,-3.14,0.00,0.00,0.00,0.00,0.00"
2026-07-26 21:54:25,"6927240,-0.01,-3.14,0.00,0.00,0.00,0.00,0.00"
2026-07-26 21:54:25,"6931804,-0.01,-3.14,0.00,0.00,0.00,0.00,0.00"
2026-07-26 21:54:25,"6936368,-0.01,-3.14,0.00,0.00,0.00,0.00,0.00"
2026-07-26 21:54:25,"6940928,-0.01,-3.14,0.00,0.00,0.00,0.00,0.00"
2026-07-26 21:54:25,"6945488,-0.01,-3.14,0.00,0.00,0.00,0.00,0.00"
2026-07-26 21:54:25,"6950048,-0.01,-3.14,0.00,0.00,0.00,0.00,0.00"
2026-07-26 21:54:25,"6954616,-0.01,-3.14,0.00,0.00,0.00,0.00,0.00"
2026-07-26 21:54:25,"6959176,-0.01,-3.14,0.00,0.00,0.00,0.00,0.00"
2026-07-26 21:54:25,"6963744,-0.01,-3.14,0.00,0.00,0.00,0.00,0.00"
2026-07-26 21:54:25,"6968296,-0.01,-3.14,0.00,0.00,0.00,0.00,0.00"
2026-07-26 21:54:25,"6972868,-0.01,-3.14,0.00,0.00,0.00,0.00,0.00"
2026-07-26 21:54:25,"6977428,-0.01,-3.14,0.00,0.00,0.00,0.00,0.00"
2026-07-26 21:54:25,"6981988,-0.01,-3.14,0.00,0.00,0.00,0.00,0.00"
2026-07-26 21:54:25,"6986552,-0.01,-3.14,0.00,0.00,0.00,0.00,0.00"
2026-07-26 21:54:25,"6991116,-0.01,-3.14,0.00,0.00,0.00,0.00,0.00"
2026-07-26 21:54:25,"6995680,-0.01,-3.14,0.00,0.00,0.00,0.00,0.00"
2026-07-26 21:54:25,"7000240,-0.01,-3.14,0.00,0.00,0.00,0.00,0.00"
2026-07-26 21:54:25,"7004804,-0.01,-3.14,0.00,0.00,0.00,0.00,0.00"
2026-07-26 21:54:25,"7009364,-0.01,-3.14,0.00,0.00,0.00,0.00,0.00"
2026-07-26 21:54:25,"7013928,-0.01,-3.14,0.00,0.00,0.00,0.00,0.00"
2026-07-26 21:54:25,"7018484,-0.01,-3.14,0.00,0.00,0.00,0.00,0.00"
2026-07-26 21:54:25,"7023044,-0.01,-3.14,0.00,0.00,0.00,0.00,0.00"
2026-07-26 21:54:25,"7027612,-0.01,-3.14,0.00,0.00,0.00,0.00,0.00"
2026-07-26 21:54:25,"7032172,-0.01,-3.14,0.00,0.00,0.00,0.00,0.00"
2026-07-26 21:54:25,"7036736,-0.01,-3.14,0.00,0.00,0.00,0.00,0.00"
2026-07-26 21:54:25,"7041296,-0.01,-3.14,0.00,0.00,0.00,0.00,0.00"
2026-07-26 21:54:25,"7045860,-0.01,-3.14,0.00,0.27,0.00,0.00,0.00"
2026-07-26 21:54:25,"7050476,-0.01,-3.13,0.00,0.83,0.00,0.00,0.00"
2026-07-26 21:54:25,"7055092,-0.01,-3.12,0.00,1.16,0.00,0.00,0.00"
2026-07-26 21:54:25,"7059720,-0.01,-3.11,0.00,1.62,0.00,0.00,0.00"
2026-07-26 21:54:25,"7064348,-0.01,-3.10,0.00,2.04,0.00,0.00,0.00"
2026-07-26 21:54:25,"7068964,-0.01,-3.09,0.00,2.28,0.00,0.00,0.00"
2026-07-26 21:54:25,"7073572,-0.01,-3.07,0.00,2.57,0.00,0.00,0.00"
2026-07-26 21:54:25,"7078188,-0.01,-3.06,0.00,2.60,0.00,0.00,0.00"
2026-07-26 21:54:25,"7082800,-0.01,-3.05,0.00,2.76,0.00,0.00,0.00"
2026-07-26 21:54:25,"7087416,-0.01,-3.03,0.00,2.99,0.00,0.00,0.00"
2026-07-26 21:54:25,"7092028,-0.01,-3.02,0.00,2.99,0.00,0.00,0.00"
2026-07-26 21:54:25,"7096640,-0.01,-3.00,0.00,2.99,0.00,0.00,0.00"
2026-07-26 21:54:25,"7101244,-0.01,-2.99,0.00,2.99,0.00,0.00,0.00"
2026-07-26 21:54:25,"7105864,-0.01,-2.97,0.00,3.26,0.00,0.00,0.00"
2026-07-26 21:54:25,"7110476,-0.01,-2.96,0.00,3.28,0.00,0.00,0.00"
2026-07-26 21:54:25,"7115092,-0.01,-2.94,0.00,3.43,0.00,0.00,0.00"
2026-07-26 21:54:25,"7119708,-0.01,-2.92,0.00,3.52,0.00,0.00,0.00"
2026-07-26 21:54:25,"7124332,-0.01,-2.91,0.00,3.71,0.00,0.00,0.00"
2026-07-26 21:54:25,"7128952,-0.01,-2.89,0.00,3.82,0.00,0.00,0.00"
2026-07-26 21:54:25,"7133564,-0.01,-2.87,0.00,3.89,0.00,0.00,0.00"
2026-07-26 21:54:25,"7138180,-0.01,-2.85,0.00,4.06,0.00,0.00,0.00"
2026-07-26 21:54:25,"7142796,-0.01,-2.83,0.00,4.03,0.00,0.00,0.00"
2026-07-26 21:54:25,"7147408,-0.01,-2.81,0.00,4.02,0.00,0.00,0.00"
2026-07-26 21:54:25,"7152024,-0.01,-2.79,0.00,3.87,0.00,0.00,0.00"
2026-07-26 21:54:25,"7156636,-0.01,-2.78,0.00,3.52,0.00,0.00,0.00"
2026-07-26 21:54:25,"7161256,-0.01,-2.77,0.00,3.31,0.00,0.00,0.00"
2026-07-26 21:54:25,"7165876,-0.01,-2.76,0.00,3.05,0.00,0.00,0.00"
2026-07-26 21:54:25,"7170492,-0.01,-2.74,0.00,2.89,0.00,0.00,0.00"
2026-07-26 21:54:25,"7175132,-0.01,-2.73,0.00,2.93,0.00,0.00,0.00"
2026-07-26 21:54:25,"7179848,-0.01,-2.71,0.00,3.06,0.00,0.00,0.00"
2026-07-26 21:54:25,"7184504,-0.01,-2.70,0.00,3.28,0.00,0.00,0.00"
2026-07-26 21:54:25,"7189160,-0.01,-2.68,0.00,3.42,0.00,0.00,0.00"
2026-07-26 21:54:25,"7193824,-0.01,-2.66,0.00,3.76,0.00,0.00,0.00"
2026-07-26 21:54:25,"7198480,-0.01,-2.64,0.00,3.84,0.00,0.00,0.00"
2026-07-26 21:54:25,"7203144,-0.01,-2.62,0.00,4.01,0.00,0.00,0.00"
2026-07-26 21:54:25,"7207800,-0.01,-2.60,0.00,4.12,0.00,0.00,0.00"
2026-07-26 21:54:25,"7212460,-0.01,-2.58,0.00,4.05,0.00,0.00,0.00"
2026-07-26 21:54:25,"7217112,-0.01,-2.56,0.00,4.15,0.00,0.00,0.00"
2026-07-26 21:54:25,"7221776,-0.01,-2.54,0.00,4.07,0.00,0.00,0.00"
2026-07-26 21:54:25,"7226432,-0.01,-2.52,0.00,4.15,0.00,0.00,0.00"
2026-07-26 21:54:25,"7231088,-0.01,-2.50,0.00,4.34,0.00,0.00,0.00"
2026-07-26 21:54:25,"7235744,-0.01,-2.48,0.00,4.32,0.00,0.00,0.00"
2026-07-26 21:54:25,"7240404,-0.01,-2.46,0.00,4.56,0.00,0.00,0.00"
2026-07-26 21:54:25,"7245068,-0.01,-2.44,0.00,4.58,0.00,0.00,0.00"
2026-07-26 21:54:25,"7249728,-0.01,-2.42,0.00,4.72,0.00,0.00,0.00"
2026-07-26 21:54:25,"7254392,-0.01,-2.39,0.00,4.81,0.00,0.00,0.00"
2026-07-26 21:54:25,"7259060,-0.01,-2.37,0.00,4.72,0.00,0.00,0.00"
2026-07-26 21:54:25,"7263788,-0.01,-2.35,0.01,4.78,0.00,0.00,0.00"
2026-07-26 21:54:25,"7268464,-0.01,-2.33,0.02,4.71,0.00,0.00,0.00"
2026-07-26 21:54:25,"7273136,-0.01,-2.31,0.02,4.66,0.00,0.00,0.00"
2026-07-26 21:54:25,"7277820,-0.01,-2.28,0.02,4.76,0.00,0.00,0.00"
2026-07-26 21:54:25,"7282476,-0.01,-2.26,0.02,4.70,0.00,0.00,0.00"
2026-07-26 21:54:25,"7287140,-0.01,-2.24,0.02,4.79,0.00,0.00,0.00"
2026-07-26 21:54:25,"7291812,-0.01,-2.21,0.03,4.98,0.00,0.00,0.00"
2026-07-26 21:54:25,"7296484,-0.01,-2.19,0.03,5.09,0.00,0.00,0.00"
2026-07-26 21:54:25,"7301152,-0.01,-2.16,0.03,5.29,0.00,0.00,0.00"
2026-07-26 21:54:25,"7305816,-0.01,-2.14,0.03,5.54,0.00,0.00,0.00"
2026-07-26 21:54:25,"7310496,-0.01,-2.11,0.03,5.55,0.00,0.00,0.00"
2026-07-26 21:54:25,"7315152,-0.01,-2.08,0.03,5.70,0.00,0.00,0.00"
2026-07-26 21:54:25,"7319812,-0.01,-2.06,0.03,5.66,0.00,0.00,0.00"
2026-07-26 21:54:25,"7324476,-0.01,-2.03,0.03,5.63,0.00,0.00,0.00"
2026-07-26 21:54:25,"7329144,-0.01,-2.00,0.03,5.48,0.00,0.00,0.00"
2026-07-26 21:54:25,"7333800,-0.01,-1.98,0.03,5.53,0.00,0.00,0.00"
2026-07-26 21:54:25,"7338472,-0.01,-1.96,0.03,5.29,0.00,0.00,0.00"
2026-07-26 21:54:25,"7343160,-0.01,-1.93,0.03,5.27,0.00,0.00,0.00"
2026-07-26 21:54:25,"7347824,-0.01,-1.91,0.03,5.13,0.00,0.00,0.00"
2026-07-26 21:54:25,"7352504,-0.01,-1.89,0.03,5.05,0.00,0.00,0.00"
2026-07-26 21:54:25,"7357164,-0.01,-1.86,0.03,5.00,0.00,0.00,0.00"
2026-07-26 21:54:25,"7361828,-0.01,-1.84,0.03,4.98,0.00,0.00,0.00"
2026-07-26 21:54:25,"7366476,-0.01,-1.82,0.01,4.97,0.00,0.00,0.00"
2026-07-26 21:54:25,"7371124,-0.01,-1.79,0.01,5.09,0.00,0.00,0.00"
2026-07-26 21:54:25,"7375764,-0.01,-1.77,0.00,5.30,0.00,0.00,0.00"
2026-07-26 21:54:25,"7380388,-0.01,-1.74,0.00,5.30,0.00,0.00,0.00"
2026-07-26 21:54:25,"7385020,-0.01,-1.71,0.00,5.43,0.00,0.00,0.00"
2026-07-26 21:54:25,"7389652,-0.01,-1.69,0.00,5.51,0.00,0.00,0.00"
2026-07-26 21:54:25,"7394280,-0.01,-1.66,0.00,5.43,0.00,0.00,0.00"
2026-07-26 21:54:25,"7398916,-0.01,-1.64,0.00,5.51,0.00,0.00,0.00"
2026-07-26 21:54:25,"7403552,-0.01,-1.61,0.00,5.55,0.00,0.00,0.00"
2026-07-26 21:54:25,"7408188,-0.01,-1.59,0.00,5.58,0.00,0.00,0.00"
2026-07-26 21:54:25,"7412824,-0.01,-1.56,0.00,5.73,0.00,0.00,0.00"
2026-07-26 21:54:25,"7417452,-0.01,-1.53,0.00,5.83,0.00,0.00,0.00"
2026-07-26 21:54:25,"7422084,-0.01,-1.50,0.00,5.88,0.00,0.00,0.00"
2026-07-26 21:54:25,"7426708,-0.01,-1.48,0.00,5.92,0.00,0.00,0.00"
2026-07-26 21:54:25,"7431344,-0.01,-1.45,0.00,5.93,0.00,0.00,0.00"
2026-07-26 21:54:25,"7435976,-0.01,-1.42,0.00,5.94,0.00,0.00,0.00"
2026-07-26 21:54:25,"7440616,-0.01,-1.39,0.00,5.95,0.00,0.00,0.00"
2026-07-26 21:54:25,"7445248,-0.01,-1.37,0.00,5.95,0.00,0.00,0.00"
2026-07-26 21:54:25,"7449888,-0.01,-1.34,0.00,5.95,0.00,0.00,0.00"
2026-07-26 21:54:25,"7454520,-0.01,-1.31,0.00,5.96,0.00,0.00,0.00"
2026-07-26 21:54:25,"7459156,-0.01,-1.28,0.00,5.82,0.00,0.00,0.00"
2026-07-26 21:54:25,"7463788,-0.01,-1.26,0.00,5.61,0.00,0.00,0.00"
2026-07-26 21:54:25,"7468420,-0.01,-1.23,0.00,5.62,0.00,0.00,0.00"
2026-07-26 21:54:25,"7473056,-0.01,-1.21,0.00,5.49,0.00,0.00,0.00"
2026-07-26 21:54:25,"7477692,-0.01,-1.19,0.00,5.28,0.00,0.00,0.00"
2026-07-26 21:54:25,"7482332,-0.01,-1.16,0.00,5.28,0.00,0.00,0.00"
2026-07-26 21:54:25,"7486976,-0.01,-1.14,0.00,5.15,0.00,0.00,0.00"
2026-07-26 21:54:25,"7491620,-0.01,-1.12,0.00,4.94,0.00,0.00,0.00"
2026-07-26 21:54:25,"7496256,-0.01,-1.10,0.00,4.82,0.00,0.00,0.00"
2026-07-26 21:54:25,"7500892,-0.01,-1.07,0.00,4.74,0.00,0.00,0.00"
2026-07-26 21:54:25,"7505524,-0.01,-1.05,0.00,4.70,0.00,0.00,0.00"
2026-07-26 21:54:25,"7510152,-0.01,-1.03,0.00,4.68,0.00,0.00,0.00"
2026-07-26 21:54:25,"7514784,-0.01,-1.01,0.00,4.66,0.00,0.00,0.00"
2026-07-26 21:54:25,"7519416,-0.01,-0.99,0.00,4.65,0.00,0.00,0.00"
2026-07-26 21:54:25,"7524052,-0.01,-0.97,0.00,4.64,0.00,0.00,0.00"
2026-07-26 21:54:25,"7528684,-0.01,-0.94,0.00,4.64,0.00,0.00,0.00"
2026-07-26 21:54:25,"7533312,-0.01,-0.92,0.00,4.64,0.00,0.00,0.00"
2026-07-26 21:54:25,"7537940,-0.01,-0.90,0.00,4.64,0.00,0.00,0.00"
2026-07-26 21:54:25,"7542568,-0.01,-0.88,0.00,4.51,0.00,0.00,0.00"
2026-07-26 21:54:25,"7547192,-0.01,-0.86,0.00,4.43,0.00,0.00,0.00"
2026-07-26 21:54:25,"7551824,-0.01,-0.84,0.00,4.38,0.00,0.00,0.00"
2026-07-26 21:54:25,"7556452,-0.01,-0.82,0.00,4.22,0.00,0.00,0.00"
2026-07-26 21:54:25,"7561084,-0.01,-0.81,0.00,4.12,0.00,0.00,0.00"
2026-07-26 21:54:25,"7565716,-0.01,-0.79,0.00,3.93,0.00,0.00,0.00"
2026-07-26 21:54:25,"7570340,-0.01,-0.77,0.00,3.82,0.00,0.00,0.00"
2026-07-26 21:54:25,"7574968,-0.01,-0.75,0.00,3.75,0.00,0.00,0.00"
2026-07-26 21:54:25,"7579596,-0.01,-0.74,0.00,3.58,0.00,0.00,0.00"
2026-07-26 21:54:25,"7584236,-0.01,-0.72,0.00,3.47,0.00,0.00,0.00"
2026-07-26 21:54:25,"7588860,-0.01,-0.71,0.00,3.41,0.00,0.00,0.00"
2026-07-26 21:54:25,"7593492,-0.01,-0.69,0.00,3.37,0.00,0.00,0.00"
2026-07-26 21:54:25,"7598120,-0.01,-0.68,0.00,3.21,0.00,0.00,0.00"
2026-07-26 21:54:25,"7602752,-0.01,-0.66,0.00,3.25,0.00,0.00,0.00"
2026-07-26 21:54:25,"7607380,-0.01,-0.65,0.00,3.15,0.00,0.00,0.00"
2026-07-26 21:54:25,"7612016,-0.01,-0.64,0.00,3.08,0.00,0.00,0.00"
2026-07-26 21:54:25,"7616636,-0.01,-0.62,0.00,3.04,0.00,0.00,0.00"
2026-07-26 21:54:25,"7621256,-0.01,-0.61,0.00,2.89,0.00,0.00,0.00"
2026-07-26 21:54:25,"7625888,-0.01,-0.60,0.00,2.92,0.00,0.00,0.00"
2026-07-26 21:54:25,"7630516,-0.01,-0.58,0.00,2.82,0.00,0.00,0.00"
2026-07-26 21:54:25,"7635148,-0.01,-0.57,0.00,2.75,0.00,0.00,0.00"
2026-07-26 21:54:25,"7639780,-0.01,-0.56,0.00,2.58,0.00,0.00,0.00"
2026-07-26 21:54:25,"7644420,-0.01,-0.55,0.00,2.47,0.00,0.00,0.00"
2026-07-26 21:54:25,"7649048,-0.01,-0.54,0.00,2.54,0.00,0.00,0.00"
2026-07-26 21:54:25,"7653676,-0.01,-0.53,0.00,2.32,0.00,0.00,0.00"
2026-07-26 21:54:25,"7658312,-0.01,-0.52,0.00,2.32,0.00,0.00,0.00"
2026-07-26 21:54:25,"7662940,-0.01,-0.51,0.00,2.45,0.00,0.00,0.00"
2026-07-26 21:54:25,"7667572,-0.01,-0.50,0.00,2.27,0.00,0.00,0.00"
2026-07-26 21:54:25,"7672196,-0.01,-0.49,0.00,2.29,0.00,0.00,0.00"
2026-07-26 21:54:25,"7676832,-0.01,-0.48,0.00,2.30,0.00,0.00,0.00"
2026-07-26 21:54:25,"7681460,-0.01,-0.47,0.00,2.18,0.00,0.00,0.00"
2026-07-26 21:54:25,"7686092,-0.01,-0.46,0.00,2.23,0.00,0.00,0.00"
2026-07-26 21:54:25,"7690732,-0.01,-0.45,0.00,2.00,0.00,0.00,0.00"
2026-07-26 21:54:25,"7695340,-0.01,-0.44,0.00,2.00,0.00,0.00,0.00"
2026-07-26 21:54:25,"7699972,-0.01,-0.43,0.00,1.86,0.00,0.00,0.00"
2026-07-26 21:54:25,"7704592,-0.01,-0.42,0.00,1.91,0.00,0.00,0.00"
2026-07-26 21:54:25,"7709220,-0.01,-0.41,0.00,1.81,0.00,0.00,0.00"
2026-07-26 21:54:25,"7713852,-0.01,-0.41,0.00,1.75,0.00,0.00,0.00"
2026-07-26 21:54:25,"7718480,-0.01,-0.40,0.00,1.71,0.00,0.00,0.00"
2026-07-26 21:54:25,"7723104,-0.01,-0.39,0.00,1.56,0.00,0.00,0.00"
2026-07-26 21:54:25,"7727732,-0.01,-0.39,0.00,1.60,0.00,0.00,0.00"
2026-07-26 21:54:25,"7732360,-0.01,-0.38,0.00,1.49,0.00,0.00,0.00"
2026-07-26 21:54:25,"7736988,-0.01,-0.37,0.00,1.29,0.00,0.00,0.00"
2026-07-26 21:54:25,"7741616,-0.01,-0.37,0.00,1.31,0.00,0.00,0.00"
2026-07-26 21:54:25,"7746248,-0.01,-0.36,0.00,1.18,0.00,0.00,0.00"
2026-07-26 21:54:25,"7750880,-0.01,-0.36,0.00,1.24,0.00,0.00,0.00"
2026-07-26 21:54:25,"7755516,-0.01,-0.35,0.00,1.27,0.00,0.00,0.00"
2026-07-26 21:54:25,"7760148,-0.01,-0.35,0.00,1.16,0.00,0.00,0.00"
2026-07-26 21:54:25,"7764780,-0.01,-0.34,0.00,1.09,0.00,0.00,0.00"
2026-07-26 21:54:25,"7769404,-0.01,-0.34,0.00,1.19,0.00,0.00,0.00"
2026-07-26 21:54:25,"7774036,-0.01,-0.33,0.00,1.11,0.00,0.00,0.00"
2026-07-26 21:54:25,"7778668,-0.01,-0.33,0.00,1.06,0.00,0.00,0.00"
2026-07-26 21:54:25,"7783292,-0.01,-0.32,0.00,1.17,0.00,0.00,0.00"
2026-07-26 21:54:25,"7787924,-0.01,-0.32,0.00,1.10,0.00,0.00,0.00"
2026-07-26 21:54:25,"7792556,-0.01,-0.31,0.00,1.06,0.00,0.00,0.00"
2026-07-26 21:54:25,"7797184,-0.01,-0.31,0.00,1.16,0.00,0.00,0.00"
2026-07-26 21:54:25,"7801832,-0.01,-0.30,0.00,0.96,0.00,0.00,0.00"
2026-07-26 21:54:25,"7806460,-0.01,-0.30,0.00,1.11,0.00,0.00,0.00"
2026-07-26 21:54:25,"7811100,-0.01,-0.29,0.00,0.93,0.00,0.00,0.00"
2026-07-26 21:54:25,"7815728,-0.01,-0.29,0.00,0.96,0.00,0.00,0.00"
2026-07-26 21:54:25,"7820356,-0.01,-0.28,0.00,0.97,0.00,0.00,0.00"
2026-07-26 21:54:25,"7824988,-0.01,-0.28,0.00,0.98,0.00,0.00,0.00"
2026-07-26 21:54:25,"7829612,-0.01,-0.27,0.00,0.99,0.00,0.00,0.00"
2026-07-26 21:54:25,"7834240,-0.01,-0.27,0.00,0.99,8.00,0.27,0.00"
2026-07-26 21:54:25,"7839004,-0.01,-0.27,0.00,0.85,8.00,0.27,0.00"
2026-07-26 21:54:25,"7844420,-0.06,-0.24,0.00,2.21,8.00,0.24,0.01"
2026-07-26 21:54:25,"7850116,-0.17,-0.17,7.42,6.28,6.07,0.17,0.01"
2026-07-26 21:54:25,"7855828,-0.27,-0.13,13.10,7.10,4.40,0.13,0.01"
2026-07-26 21:54:25,"7861596,-0.37,-0.06,15.39,9.15,1.93,0.06,0.01"
2026-07-26 21:54:25,"7867252,-0.46,0.01,16.66,9.83,-0.21,-0.01,0.01"
2026-07-26 21:54:25,"7872716,-0.53,0.05,15.80,9.27,-1.83,-0.05,0.01"
2026-07-26 21:54:25,"7877872,-0.56,0.08,13.24,7.82,-2.85,-0.08,0.01"
2026-07-26 21:54:25,"7882976,-0.55,0.08,9.01,4.57,-2.79,-0.08,0.01"
2026-07-26 21:54:25,"7888312,-0.50,0.06,2.79,1.25,-2.09,-0.06,0.01"
2026-07-26 21:54:25,"7893736,-0.44,0.04,-3.88,-1.06,-1.23,-0.04,0.01"
2026-07-26 21:54:25,"7899116,-0.38,0.02,-8.00,-2.01,-0.59,-0.02,0.01"
2026-07-26 21:54:25,"7904344,-0.34,-0.00,-9.39,-2.49,0.00,0.00,0.01"
2026-07-26 21:54:25,"7909396,-0.32,-0.00,-7.90,-1.50,0.00,0.00,0.01"
2026-07-26 21:54:25,"7914304,-0.31,0.00,-5.51,-0.77,-0.05,-0.00,0.00"
2026-07-26 21:54:25,"7919188,-0.31,0.01,-3.32,0.16,-0.32,-0.01,0.00"
2026-07-26 21:54:26,"7924064,-0.31,0.02,-2.22,1.11,-0.75,-0.02,0.00"
2026-07-26 21:54:26,"7928972,-0.31,0.03,-0.97,1.66,-1.18,-0.03,0.00"
2026-07-26 21:54:26,"7933844,-0.31,0.04,-0.35,1.63,-1.45,-0.04,0.00"
2026-07-26 21:54:26,"7938884,-0.29,0.04,-0.44,0.98,-1.45,-0.04,0.01"
2026-07-26 21:54:26,"7943936,-0.27,0.04,-1.80,0.10,-1.23,-0.04,0.01"
2026-07-26 21:54:26,"7949084,-0.24,0.02,-3.38,-0.89,-0.81,-0.02,0.01"
2026-07-26 21:54:26,"7954224,-0.21,0.01,-4.57,-1.49,-0.38,-0.01,0.01"
2026-07-26 21:54:26,"7959336,-0.19,-0.00,-5.13,-1.73,0.00,0.00,0.01"
2026-07-26 21:54:26,"7964380,-0.17,-0.00,-4.96,-1.41,0.16,0.00,0.01"
2026-07-26 21:54:26,"7969364,-0.15,-0.00,-4.15,-0.72,0.11,0.00,0.00"
2026-07-26 21:54:26,"7974292,-0.15,0.00,-3.07,0.19,-0.16,-0.00,0.00"
2026-07-26 21:54:26,"7979168,-0.15,0.01,-2.06,0.87,-0.48,-0.01,0.00"
2026-07-26 21:54:26,"7984024,-0.15,0.02,-1.55,1.41,-0.86,-0.02,0.00"
2026-07-26 21:54:26,"7988960,-0.14,0.03,-0.91,1.59,-1.18,-0.03,0.00"
2026-07-26 21:54:26,"7993948,-0.13,0.04,-0.89,1.08,-1.23,-0.04,0.00"
2026-07-26 21:54:26,"7999024,-0.11,0.03,-1.82,0.40,-1.13,-0.03,0.01"
2026-07-26 21:54:26,"8004156,-0.09,0.02,-3.11,-0.47,-0.81,-0.02,0.01"
2026-07-26 21:54:26,"8009280,-0.06,0.01,-4.17,-1.12,-0.43,-0.01,0.01"
2026-07-26 21:54:26,"8014392,-0.03,0.00,-4.70,-1.27,-0.16,-0.00,0.01"
2026-07-26 21:54:26,"8019396,-0.02,0.00,-4.54,-0.89,-0.11,-0.00,0.01"
2026-07-26 21:54:26,"8024372,-0.01,0.01,-3.69,-0.29,-0.21,-0.01,0.00"
2026-07-26 21:54:26,"8029304,-0.01,0.02,-2.51,0.58,-0.54,-0.02,0.00"
2026-07-26 21:54:26,"8034132,-0.01,0.03,-1.93,1.23,-0.91,-0.03,0.00"
2026-07-26 21:54:26,"8038996,-0.00,0.04,-1.63,1.62,-1.29,-0.04,0.00"
2026-07-26 21:54:26,"8043972,0.00,0.04,-0.97,1.59,-1.56,-0.04,0.00"
2026-07-26 21:54:26,"8049008,0.02,0.04,-1.37,0.95,-1.56,-0.04,0.01"
2026-07-26 21:54:26,"8054092,0.04,0.04,-2.44,0.09,-1.34,-0.04,0.01"
2026-07-26 21:54:26,"8059268,0.07,0.02,-3.94,-1.01,-0.86,-0.02,0.01"
2026-07-26 21:54:26,"8064476,0.11,0.01,-5.22,-1.67,-0.38,-0.01,0.01"
2026-07-26 21:54:26,"8069664,0.14,-0.00,-5.89,-2.07,0.11,0.00,0.01"
2026-07-26 21:54:26,"8074708,0.16,-0.01,-5.72,-1.73,0.32,0.01,0.01"
2026-07-26 21:54:26,"8079700,0.17,-0.01,-4.79,-0.91,0.27,0.01,0.00"
2026-07-26 21:54:26,"8084624,0.18,-0.00,-3.39,0.08,0.00,0.00,0.00"
2026-07-26 21:54:26,"8089488,0.17,0.01,-2.71,1.05,-0.43,-0.01,0.00"
2026-07-26 21:54:26,"8094412,0.17,0.03,-1.19,1.75,-0.91,-0.03,0.00"
2026-07-26 21:54:26,"8099344,0.17,0.04,-0.36,1.92,-1.29,-0.04,0.00"
2026-07-26 21:54:26,"8104328,0.19,0.04,-0.47,1.65,-1.50,-0.04,0.00"
2026-07-26 21:54:26,"8109404,0.21,0.04,-1.41,0.75,-1.40,-0.04,0.01"
2026-07-26 21:54:26,"8114540,0.24,0.03,-3.03,-0.15,-1.13,-0.03,0.01"
2026-07-26 21:54:26,"8119712,0.26,0.02,-4.38,-0.92,-0.75,-0.02,0.01"
2026-07-26 21:54:26,"8124852,0.29,0.01,-5.04,-1.39,-0.38,-0.01,0.01"
2026-07-26 21:54:26,"8129964,0.31,0.00,-5.08,-1.31,-0.16,-0.00,0.01"
2026-07-26 21:54:26,"8135032,0.33,0.00,-4.66,-0.91,-0.11,-0.00,0.01"
2026-07-26 21:54:26,"8140028,0.34,0.01,-3.86,-0.18,-0.27,-0.01,0.00"
2026-07-26 21:54:26,"8144980,0.35,0.02,-2.93,0.51,-0.54,-0.02,0.00"
2026-07-26 21:54:26,"8149892,0.35,0.03,-2.03,1.18,-0.91,-0.03,0.00"
2026-07-26 21:54:26,"8154816,0.36,0.04,-1.35,1.46,-1.23,-0.04,0.00"
2026-07-26 21:54:26,"8159816,0.37,0.04,-1.21,1.37,-1.45,-0.04,0.00"
2026-07-26 21:54:26,"8164884,0.38,0.04,-1.71,0.70,-1.40,-0.04,0.01"
2026-07-26 21:54:26,"8169996,0.41,0.03,-2.80,-0.06,-1.18,-0.03,0.01"
2026-07-26 21:54:26,"8175156,0.44,0.02,-3.99,-0.87,-0.81,-0.02,0.01"
2026-07-26 21:54:26,"8180316,0.47,0.01,-5.02,-1.59,-0.32,-0.01,0.01"
2026-07-26 21:54:26,"8185504,0.50,-0.00,-5.81,-1.90,0.11,0.00,0.01"
2026-07-26 21:54:26,"8190532,0.52,-0.01,-5.79,-1.51,0.27,0.01,0.01"
2026-07-26 21:54:26,"8195476,0.53,-0.00,-4.46,-0.28,0.00,0.00,0.00"
2026-07-26 21:54:26,"8200388,0.52,0.01,-3.80,0.95,-0.48,-0.01,0.00"
2026-07-26 21:54:26,"8205304,0.52,0.03,-1.52,1.95,-1.07,-0.03,0.00"
2026-07-26 21:54:26,"8210196,0.52,0.04,-0.24,2.30,-1.56,-0.04,0.00"
2026-07-26 21:54:26,"8215108,0.52,0.05,0.40,2.13,-1.88,-0.05,0.00"
2026-07-26 21:54:26,"8220148,0.54,0.06,-0.27,1.40,-1.93,-0.06,0.01"
2026-07-26 21:54:26,"8225324,0.57,0.05,-2.14,0.36,-1.72,-0.05,0.01"
2026-07-26 21:54:26,"8230576,0.61,0.04,-4.10,-0.83,-1.23,-0.04,0.01"
2026-07-26 21:54:26,"8235860,0.65,0.02,-6.03,-2.01,-0.54,-0.02,0.01"
2026-07-26 21:54:26,"8241112,0.69,-0.00,-7.17,-2.49,0.05,0.00,0.01"
2026-07-26 21:54:26,"8246212,0.72,-0.01,-7.06,-2.22,0.38,0.01,0.01"
2026-07-26 21:54:26,"8251256,0.74,-0.01,-5.96,-1.45,0.43,0.01,0.01"
2026-07-26 21:54:26,"8256236,0.74,-0.01,-4.32,-0.38,0.21,0.01,0.00"
2026-07-26 21:54:26,"8261144,0.74,0.01,-2.72,0.77,-0.21,-0.01,0.00"
2026-07-26 21:54:26,"8266008,0.74,0.02,-1.93,1.60,-0.70,-0.02,0.00"
2026-07-26 21:54:26,"8270916,0.74,0.03,-0.84,1.96,-1.13,-0.03,0.00"
2026-07-26 21:54:26,"8275896,0.75,0.04,-0.74,1.92,-1.45,-0.04,0.00"
2026-07-26 21:54:26,"8280956,0.77,0.04,-1.41,1.27,-1.50,-0.04,0.01"
2026-07-26 21:54:26,"8286092,0.80,0.04,-2.80,0.28,-1.29,-0.04,0.01"
2026-07-26 21:54:26,"8291220,0.83,0.03,-4.06,-0.43,-1.02,-0.03,0.01"
2026-07-26 21:54:26,"8296360,0.85,0.02,-4.82,-0.97,-0.70,-0.02,0.01"
2026-07-26 21:54:26,"8301468,0.88,0.01,-5.10,-1.18,-0.43,-0.01,0.01"
2026-07-26 21:54:26,"8306584,0.91,0.01,-5.13,-0.95,-0.32,-0.01,0.01"
2026-07-26 21:54:26,"8311644,0.93,0.01,-4.83,-0.69,-0.27,-0.01,0.01"
2026-07-26 21:54:26,"8316692,0.94,0.01,-4.13,-0.05,-0.43,-0.01,0.01"
2026-07-26 21:54:26,"8321664,0.94,0.02,-3.15,0.83,-0.81,-0.02,0.00"
2026-07-26 21:54:26,"8326584,0.95,0.04,-2.18,1.50,-1.23,-0.04,0.00"
2026-07-26 21:54:26,"8331524,0.95,0.05,-1.47,1.77,-1.61,-0.05,0.00"
2026-07-26 21:54:26,"8336524,0.96,0.05,-1.39,1.43,-1.77,-0.05,0.00"
2026-07-26 21:54:26,"8341668,0.99,0.05,-2.15,0.74,-1.72,-0.05,0.01"
2026-07-26 21:54:26,"8346912,1.03,0.04,-3.73,-0.49,-1.29,-0.04,0.01"
2026-07-26 21:54:26,"8352220,1.07,0.02,-5.83,-1.68,-0.64,-0.02,0.01"
2026-07-26 21:54:26,"8357432,1.11,0.00,-7.14,-2.30,-0.05,-0.00,0.01"
2026-07-26 21:54:26,"8362544,1.14,-0.00,-7.04,-1.86,0.16,0.00,0.01"
2026-07-26 21:54:26,"8367560,1.15,-0.00,-5.76,-1.00,0.11,0.00,0.01"
2026-07-26 21:54:26,"8372516,1.15,0.01,-3.98,0.27,-0.27,-0.01,0.00"
2026-07-26 21:54:26,"8377404,1.15,0.02,-3.10,1.29,-0.75,-0.02,0.00"
2026-07-26 21:54:26,"8382256,1.15,0.04,-2.66,2.04,-1.29,-0.04,0.00"
2026-07-26 21:54:26,"8387148,1.16,0.05,-2.43,2.23,-1.72,-0.05,0.00"
2026-07-26 21:54:26,"8392232,1.17,0.06,-1.40,1.82,-1.93,-0.06,0.01"
2026-07-26 21:54:26,"8397428,1.20,0.05,-2.50,0.86,-1.83,-0.05,0.01"
2026-07-26 21:54:26,"8402680,1.24,0.04,-4.37,-0.42,-1.40,-0.04,0.01"
2026-07-26 21:54:26,"8407964,1.28,0.02,-6.06,-1.41,-0.86,-0.02,0.01"
2026-07-26 21:54:26,"8413244,1.33,0.00,-7.21,-2.36,-0.16,-0.00,0.01"
2026-07-26 21:54:26,"8418440,1.36,-0.01,-7.70,-2.48,0.32,0.01,0.01"
2026-07-26 21:54:26,"8423500,1.38,-0.01,-7.00,-1.61,0.38,0.01,0.01"
2026-07-26 21:54:26,"8428456,1.39,-0.00,-5.13,-0.22,0.05,0.00,0.00"
2026-07-26 21:54:26,"8433332,1.38,0.02,-4.21,1.25,-0.54,-0.02,0.00"
2026-07-26 21:54:26,"8438288,1.37,0.04,-1.46,2.36,-1.23,-0.04,0.00"
2026-07-26 21:54:26,"8443220,1.38,0.05,-0.23,2.66,-1.77,-0.05,0.00"
2026-07-26 21:54:26,"8448232,1.39,0.06,-0.31,2.58,-2.20,-0.06,0.01"
2026-07-26 21:54:26,"8453356,1.41,0.07,-1.22,1.78,-2.31,-0.07,0.01"
2026-07-26 21:54:26,"8458620,1.45,0.06,-3.17,0.37,-1.99,-0.06,0.01"
2026-07-26 21:54:26,"8463980,1.50,0.04,-5.76,-1.04,-1.40,-0.04,0.01"
2026-07-26 21:54:26,"8469316,1.55,0.02,-7.90,-2.35,-0.59,-0.02,0.01"
2026-07-26 21:54:26,"8474644,1.60,-0.00,-8.86,-2.91,0.11,0.00,0.01"
2026-07-26 21:54:26,"8479832,1.63,-0.02,-8.70,-2.69,0.54,0.02,0.01"
2026-07-26 21:54:26,"8484844,1.65,-0.02,-7.36,-1.61,0.54,0.02,0.01"
2026-07-26 21:54:26,"8489776,1.65,-0.00,-4.93,-0.10,0.16,0.00,0.00"
2026-07-26 21:54:26,"8494720,1.64,0.01,-2.08,1.43,-0.48,-0.01,0.00"
2026-07-26 21:54:26,"8499624,1.64,0.03,-0.38,2.49,-1.18,-0.03,0.00"
2026-07-26 21:54:26,"8504600,1.64,0.05,0.06,2.85,-1.77,-0.05,0.00"
2026-07-26 21:54:26,"8509612,1.66,0.06,-0.55,2.57,-2.15,-0.06,0.01"
2026-07-26 21:54:26,"8514752,1.68,0.06,-1.68,1.66,-2.20,-0.06,0.01"
2026-07-26 21:54:26,"8520048,1.72,0.06,-3.61,0.42,-1.93,-0.06,0.01"
2026-07-26 21:54:26,"8525392,1.76,0.04,-5.76,-1.01,-1.34,-0.04,0.01"
2026-07-26 21:54:26,"8530732,1.82,0.02,-7.51,-2.22,-0.59,-0.02,0.01"
2026-07-26 21:54:26,"8536036,1.86,-0.00,-8.53,-2.60,0.00,0.00,0.01"
2026-07-26 21:54:26,"8541196,1.89,-0.01,-8.35,-2.39,0.38,0.01,0.01"
2026-07-26 21:54:26,"8546236,1.91,-0.01,-6.89,-1.31,0.32,0.01,0.01"
2026-07-26 21:54:26,"8551200,1.92,0.00,-4.95,0.08,-0.05,-0.00,0.00"
2026-07-26 21:54:26,"8556084,1.92,0.02,-2.97,1.43,-0.64,-0.02,0.00"
2026-07-26 21:54:26,"8560996,1.92,0.04,-1.24,2.36,-1.29,-0.04,0.00"
2026-07-26 21:54:26,"8565904,1.92,0.05,-0.37,2.79,-1.88,-0.05,0.00"
2026-07-26 21:54:26,"8570968,1.94,0.06,-0.56,2.40,-2.20,-0.06,0.01"
2026-07-26 21:54:26,"8576140,1.97,0.06,-2.21,1.44,-2.20,-0.06,0.01"
2026-07-26 21:54:26,"8581356,2.01,0.05,-4.37,0.04,-1.83,-0.05,0.01"
2026-07-26 21:54:26,"8586660,2.06,0.04,-6.31,-1.25,-1.23,-0.04,0.01"
2026-07-26 21:54:26,"8592012,2.11,0.02,-7.79,-2.24,-0.54,-0.02,0.01"
2026-07-26 21:54:26,"8597276,2.15,-0.00,-8.61,-2.51,0.00,0.00,0.01"
2026-07-26 21:54:26,"8602428,2.18,-0.01,-8.08,-1.98,0.21,0.01,0.01"
2026-07-26 21:54:26,"8607480,2.20,-0.00,-6.66,-0.95,0.11,0.00,0.01"
2026-07-26 21:54:26,"8612448,2.21,0.01,-4.97,0.30,-0.27,-0.01,0.00"
2026-07-26 21:54:26,"8617384,2.21,0.02,-3.32,1.55,-0.86,-0.02,0.00"
2026-07-26 21:54:26,"8622344,2.21,0.04,-2.07,2.29,-1.45,-0.04,0.00"
2026-07-26 21:54:26,"8627348,2.22,0.06,-1.45,2.48,-1.93,-0.06,0.01"
2026-07-26 21:54:26,"8632444,2.24,0.06,-1.73,2.09,-2.20,-0.06,0.01"
2026-07-26 21:54:26,"8637612,2.27,0.06,-2.92,1.13,-2.15,-0.06,0.01"
2026-07-26 21:54:26,"8642872,2.31,0.05,-4.50,0.10,-1.88,-0.05,0.01"
2026-07-26 21:54:26,"8648208,2.36,0.04,-6.21,-1.21,-1.29,-0.04,0.01"
2026-07-26 21:54:26,"8653540,2.41,0.02,-7.95,-2.22,-0.59,-0.02,0.01"
2026-07-26 21:54:26,"8658816,2.45,0.00,-8.66,-2.50,-0.05,-0.00,0.01"
2026-07-26 21:54:26,"8663976,2.49,-0.00,-8.25,-1.97,0.16,0.00,0.01"
2026-07-26 21:54:26,"8669044,2.51,-0.00,-7.18,-0.94,0.05,0.00,0.01"
2026-07-26 21:54:26,"8673980,2.52,0.01,-5.27,0.43,-0.38,-0.01,0.00"
2026-07-26 21:54:26,"8678860,2.52,0.03,-4.34,1.89,-1.07,-0.03,0.00"
2026-07-26 21:54:26,"8683732,2.52,0.05,-3.87,2.90,-1.83,-0.05,0.00"
2026-07-26 21:54:26,"8688700,2.52,0.07,-2.05,3.10,-2.42,-0.07,0.00"
2026-07-26 21:54:26,"8693792,2.54,0.08,-1.64,2.58,-2.74,-0.08,0.01"
2026-07-26 21:54:26,"8699028,2.58,0.08,-2.97,1.55,-2.74,-0.08,0.01"
2026-07-26 21:54:26,"8704384,2.63,0.06,-5.42,-0.22,-2.20,-0.06,0.01"
2026-07-26 21:54:26,"8709864,2.70,0.04,-8.45,-1.92,-1.34,-0.04,0.01"
2026-07-26 21:54:26,"8715316,2.76,0.01,-10.43,-3.07,-0.43,-0.01,0.01"
2026-07-26 21:54:26,"8720692,2.82,-0.01,-10.95,-3.44,0.32,0.01,0.01"
2026-07-26 21:54:26,"8725876,2.85,-0.02,-9.99,-2.65,0.59,0.02,0.01"
2026-07-26 21:54:26,"8730880,2.86,-0.01,-7.35,-0.98,0.32,0.01,0.01"
2026-07-26 21:54:26,"8735820,2.85,0.01,-6.08,0.90,-0.32,-0.01,0.00"
2026-07-26 21:54:26,"8740760,2.85,0.03,-2.61,2.53,-1.18,-0.03,0.00"
2026-07-26 21:54:26,"8745716,2.84,0.06,-0.71,3.37,-1.99,-0.06,0.00"
2026-07-26 21:54:26,"8750716,2.85,0.08,-0.65,3.50,-2.63,-0.08,0.00"
2026-07-26 21:54:26,"8755848,2.88,0.09,-1.26,2.94,-3.01,-0.09,0.01"
2026-07-26 21:54:26,"8761184,2.92,0.08,-3.44,1.30,-2.79,-0.08,0.01"
2026-07-26 21:54:26,"8766688,2.99,0.06,-6.73,-0.56,-2.15,-0.06,0.01"
2026-07-26 21:54:26,"8772220,3.06,0.03,-9.78,-2.33,-1.18,-0.03,0.01"
2026-07-26 21:54:26,"8777668,3.13,0.01,-11.64,-3.31,-0.27,-0.01,0.01"
2026-07-26 21:54:26,"8783052,3.18,-0.01,-11.46,-3.24,0.32,0.01,0.01"
2026-07-26 21:54:26,"8788192,3.20,-0.01,-9.77,-2.06,0.38,0.01,0.01"
2026-07-26 21:54:26,"8793160,3.21,-0.00,-7.01,-0.37,0.00,0.00,0.00"
2026-07-26 21:54:26,"8798044,3.21,0.02,-5.68,1.41,-0.70,-0.02,0.00"
2026-07-26 21:54:26,"8802936,3.21,0.04,-2.72,2.85,-1.56,-0.04,0.00"
2026-07-26 21:54:26,"8807848,3.22,0.07,-1.24,3.46,-2.31,-0.07,0.00"
2026-07-26 21:54:26,"8812928,3.23,0.08,-0.95,3.28,-2.85,-0.08,0.01"
2026-07-26 21:54:26,"8818168,3.27,0.09,-2.30,2.32,-3.01,-0.09,0.01"
2026-07-26 21:54:26,"8823564,3.32,0.07,-5.19,0.48,-2.58,-0.07,0.01"
2026-07-26 21:54:26,"8829096,3.40,0.05,-8.47,-1.37,-1.77,-0.05,0.01"
2026-07-26 21:54:26,"8834572,3.46,0.02,-11.09,-2.73,-0.86,-0.02,0.01"
2026-07-26 21:54:26,"8840016,3.52,0.00,-11.54,-3.10,-0.16,-0.00,0.01"
2026-07-26 21:54:26,"8845292,3.57,-0.01,-10.95,-2.68,0.21,0.01,0.01"
2026-07-26 21:54:26,"8850420,3.59,-0.00,-8.88,-1.25,0.05,0.00,0.01"
2026-07-26 21:54:26,"8855392,3.60,0.01,-6.12,0.49,-0.48,-0.01,0.00"
2026-07-26 21:54:26,"8860316,3.60,0.03,-3.80,1.91,-1.18,-0.03,0.00"
2026-07-26 21:54:26,"8865268,3.61,0.06,-2.32,2.88,-1.93,-0.06,0.00"
2026-07-26 21:54:26,"8870344,3.63,0.07,-2.05,2.94,-2.47,-0.07,0.01"
2026-07-26 21:54:26,"8875556,3.66,0.08,-2.94,2.23,-2.68,-0.08,0.01"
2026-07-26 21:54:26,"8880896,3.70,0.07,-5.03,1.00,-2.52,-0.07,0.01"
2026-07-26 21:54:26,"8886264,3.76,0.06,-7.07,-0.32,-2.09,-0.06,0.01"
2026-07-26 21:54:26,"8891704,3.82,0.04,-9.12,-1.77,-1.34,-0.04,0.01"
2026-07-26 21:54:26,"8897128,3.88,0.02,-10.43,-2.42,-0.70,-0.02,0.01"
2026-07-26 21:54:26,"8902540,3.94,0.00,-10.70,-2.59,-0.16,-0.00,0.01"
2026-07-26 21:54:26,"8907712,3.97,0.00,-9.96,-1.67,-0.11,-0.00,0.01"
2026-07-26 21:54:26,"8912760,3.98,0.02,-7.57,-0.03,-0.54,-0.02,0.01"
2026-07-26 21:54:26,"8917708,3.99,0.04,-4.92,1.72,-1.29,-0.04,0.00"
2026-07-26 21:54:27,"8922628,3.99,0.06,-3.60,3.15,-2.20,-0.06,0.00"
2026-07-26 21:54:27,"8927672,4.00,0.08,-2.09,3.59,-2.95,-0.08,0.01"
2026-07-26 21:54:27,"8932872,4.03,0.10,-2.41,3.10,-3.38,-0.10,0.01"
2026-07-26 21:54:27,"8938328,4.09,0.09,-4.88,1.41,-3.17,-0.09,0.01"
2026-07-26 21:54:27,"8943884,4.16,0.07,-8.28,-0.37,-2.58,-0.07,0.01"
2026-07-26 21:54:27,"8949484,4.25,0.05,-11.38,-2.08,-1.66,-0.05,0.01"
2026-07-26 21:54:27,"8955012,4.32,0.03,-12.81,-2.80,-0.91,-0.03,0.01"
2026-07-26 21:54:27,"8960436,4.37,0.01,-12.48,-2.93,-0.32,-0.01,0.01"
2026-07-26 21:54:27,"8965712,4.42,0.01,-11.19,-1.87,-0.27,-0.01,0.01"
2026-07-26 21:54:27,"8970900,4.44,0.02,-9.05,-0.53,-0.54,-0.02,0.01"
2026-07-26 21:54:27,"8975940,4.46,0.03,-6.77,0.90,-1.07,-0.03,0.01"
2026-07-26 21:54:27,"8980976,4.47,0.05,-4.94,2.00,-1.72,-0.05,0.01"
2026-07-26 21:54:27,"8986036,4.49,0.07,-3.90,2.90,-2.47,-0.07,0.01"
2026-07-26 21:54:27,"8991180,4.52,0.09,-3.72,2.93,-3.01,-0.09,0.01"
2026-07-26 21:54:27,"8996484,4.56,0.09,-4.50,2.11,-3.17,-0.09,0.01"
2026-07-26 21:54:27,"9001940,4.61,0.08,-6.58,0.70,-2.90,-0.08,0.01"
2026-07-26 21:54:27,"9007484,4.69,0.06,-9.32,-0.91,-2.25,-0.06,0.01"
2026-07-26 21:54:27,"9013016,4.76,0.04,-11.41,-2.10,-1.50,-0.04,0.01"
2026-07-26 21:54:27,"9018560,4.83,0.02,-12.30,-2.59,-0.86,-0.02,0.01"
2026-07-26 21:54:27,"9023928,4.88,0.02,-11.92,-2.01,-0.64,-0.02,0.01"
2026-07-26 21:54:27,"9029200,4.92,0.02,-10.35,-0.97,-0.75,-0.02,0.01"
2026-07-26 21:54:27,"9034376,4.95,0.03,-8.45,0.25,-1.13,-0.03,0.01"
2026-07-26 21:54:27,"9039480,4.97,0.05,-6.64,1.59,-1.77,-0.05,0.01"
2026-07-26 21:54:27,"9044576,4.99,0.07,-5.30,2.52,-2.47,-0.07,0.01"
2026-07-26 21:54:27,"9049760,5.02,0.09,-4.79,2.70,-3.01,-0.09,0.01"
2026-07-26 21:54:27,"9055068,5.06,0.09,-5.66,1.85,-3.11,-0.09,0.01"
2026-07-26 21:54:27,"9060536,5.12,0.08,-7.77,0.66,-2.90,-0.08,0.01"
2026-07-26 21:54:27,"9066044,5.19,0.07,-9.81,-0.61,-2.42,-0.07,0.01"
2026-07-26 21:54:27,"9071576,5.27,0.05,-11.43,-1.58,-1.83,-0.05,0.01"
2026-07-26 21:54:27,"9077156,5.34,0.04,-12.17,-2.05,-1.29,-0.04,0.01"
2026-07-26 21:54:27,"9082588,5.40,0.03,-12.28,-1.68,-1.07,-0.03,0.01"
2026-07-26 21:54:27,"9087932,5.44,0.03,-10.95,-0.78,-1.18,-0.03,0.01"
2026-07-26 21:54:27,"9093196,5.47,0.04,-9.27,0.35,-1.56,-0.04,0.01"
2026-07-26 21:54:27,"9098400,5.51,0.06,-8.00,1.27,-2.04,-0.06,0.01"
2026-07-26 21:54:27,"9103580,5.54,0.08,-6.94,2.07,-2.63,-0.08,0.01"
2026-07-26 21:54:27,"9108876,5.58,0.09,-6.47,2.17,-3.06,-0.09,0.01"
2026-07-26 21:54:27,"9114276,5.63,0.09,-7.39,1.30,-3.06,-0.09,0.01"
2026-07-26 21:54:27,"9119692,5.69,0.08,-9.26,0.44,-2.90,-0.08,0.01"
2026-07-26 21:54:27,"9125204,5.77,0.07,-10.71,-0.63,-2.47,-0.07,0.01"
2026-07-26 21:54:27,"9130808,5.84,0.06,-11.96,-1.25,-2.04,-0.06,0.01"
2026-07-26 21:54:27,"9136364,5.91,0.05,-12.52,-1.63,-1.61,-0.05,0.01"
2026-07-26 21:54:27,"9141840,5.97,0.04,-12.51,-1.20,-1.50,-0.04,0.01"
2026-07-26 21:54:27,"9147208,6.02,0.05,-11.43,-0.49,-1.61,-0.05,0.01"
2026-07-26 21:54:27,"9152508,6.07,0.06,-10.17,0.40,-1.93,-0.06,0.01"
2026-07-26 21:54:27,"9157836,6.10,0.07,-9.01,1.16,-2.36,-0.07,0.01"
2026-07-26 21:54:27,"9163116,6.15,0.08,-8.31,1.63,-2.79,-0.08,0.01"
2026-07-26 21:54:27,"9168500,6.20,0.09,-8.47,1.43,-3.01,-0.09,0.01"
2026-07-26 21:54:27,"9173916,6.26,0.09,-9.38,0.86,-3.01,-0.09,0.01"
2026-07-26 21:54:27,"9179360,6.33,0.08,-10.54,0.06,-2.79,-0.08,0.01"
2026-07-26 21:54:27,"9184984,6.40,0.07,-11.64,-0.62,-2.47,-0.07,0.01"
2026-07-26 21:54:27,"9190596,6.48,0.06,-12.59,-1.03,-2.15,-0.06,0.01"
2026-07-26 21:54:27,"9196160,6.55,0.06,-13.10,-1.06,-1.93,-0.06,0.01"
2026-07-26 21:54:27,"9201632,6.61,0.06,-12.69,-0.41,-2.04,-0.06,0.01"
2026-07-26 21:54:27,"9207068,6.67,0.06,-11.81,0.09,-2.20,-0.06,0.01"
2026-07-26 21:54:27,"9212480,6.72,0.07,-11.06,0.74,-2.52,-0.07,0.01"
2026-07-26 21:54:27,"9217924,6.78,0.08,-10.50,1.01,-2.79,-0.08,0.01"
2026-07-26 21:54:27,"9223416,6.84,0.09,-10.68,1.05,-3.01,-0.09,0.01"
2026-07-26 21:54:27,"9228984,6.91,0.09,-10.86,0.85,-3.11,-0.09,0.01"
2026-07-26 21:54:27,"9234580,6.98,0.09,-11.61,0.29,-3.01,-0.09,0.01"
2026-07-26 21:54:27,"9240248,7.06,0.08,-12.58,-0.37,-2.74,-0.08,0.01"
2026-07-26 21:54:27,"9245876,7.14,0.07,-13.73,-0.66,-2.52,-0.07,0.01"
2026-07-26 21:54:27,"9251536,7.22,0.07,-13.93,-0.72,-2.36,-0.07,0.01"
2026-07-26 21:54:27,"9257156,7.30,0.07,-13.79,-0.32,-2.42,-0.07,0.01"
2026-07-26 21:54:27,"9262752,7.37,0.07,-13.39,-0.08,-2.47,-0.07,0.01"
2026-07-26 21:54:27,"9268268,7.43,0.08,-12.98,0.51,-2.74,-0.08,0.01"
2026-07-26 21:54:27,"9273844,7.50,0.09,-12.33,0.96,-3.06,-0.09,0.01"
2026-07-26 21:54:27,"9279388,7.57,0.09,-12.15,1.02,-3.28,-0.09,0.01"
2026-07-26 21:54:27,"9285048,7.65,0.09,-12.49,0.61,-3.28,-0.09,0.01"
2026-07-26 21:54:27,"9290668,7.73,0.09,-13.48,0.15,-3.17,-0.09,0.01"
2026-07-26 21:54:27,"9296348,7.82,0.09,-14.24,-0.13,-3.06,-0.09,0.01"
2026-07-26 21:54:27,"9302068,7.91,0.08,-14.86,-0.40,-2.90,-0.08,0.01"
2026-07-26 21:54:27,"9307764,8.00,0.08,-15.30,-0.45,-2.79,-0.08,0.01"
2026-07-26 21:54:27,"9313388,8.08,0.08,-15.26,-0.05,-2.90,-0.08,0.01"
2026-07-26 21:54:27,"9319028,8.16,0.09,-14.84,0.29,-3.06,-0.09,0.01"
2026-07-26 21:54:27,"9324712,8.24,0.09,-14.54,0.50,-3.22,-0.09,0.01"
2026-07-26 21:54:27,"9330352,8.32,0.10,-14.52,0.74,-3.44,-0.10,0.01"
2026-07-26 21:54:27,"9336068,8.41,0.10,-14.50,0.66,-3.54,-0.10,0.01"
2026-07-26 21:54:27,"9341832,8.50,0.10,-14.91,0.50,-3.60,-0.10,0.01"
2026-07-26 21:54:27,"9347584,8.59,0.10,-15.64,0.30,-3.60,-0.10,0.01"
2026-07-26 21:54:27,"9353316,8.69,0.10,-16.06,0.07,-3.54,-0.10,0.01"
2026-07-26 21:54:27,"9359116,8.79,0.10,-16.50,0.04,-3.54,-0.10,0.01"
2026-07-26 21:54:27,"9364832,8.89,0.10,-16.88,0.13,-3.60,-0.10,0.01"
2026-07-26 21:54:27,"9370620,8.98,0.11,-16.86,0.29,-3.70,-0.11,0.01"
2026-07-26 21:54:27,"9376420,9.08,0.11,-16.81,0.49,-3.87,-0.11,0.01"
2026-07-26 21:54:27,"9382264,9.18,0.12,-17.03,0.61,-4.03,-0.12,0.01"
2026-07-26 21:54:27,"9388108,9.29,0.12,-17.06,0.68,-4.19,-0.12,0.01"
2026-07-26 21:54:27,"9393964,9.39,0.12,-17.33,0.72,-4.35,-0.12,0.01"
2026-07-26 21:54:27,"9399820,9.50,0.13,-17.84,0.64,-4.46,-0.13,0.01"
2026-07-26 21:54:27,"9405764,9.61,0.13,-18.20,0.70,-4.62,-0.13,0.01"
2026-07-26 21:54:27,"9411700,9.73,0.13,-18.70,0.62,-4.72,-0.13,0.01"
2026-07-26 21:54:27,"9417652,9.84,0.14,-18.91,0.79,-4.94,-0.14,0.01"
2026-07-26 21:54:27,"9423616,9.96,0.15,-19.18,0.88,-5.15,-0.15,0.01"
2026-07-26 21:54:27,"9429560,10.08,0.15,-19.55,1.05,-5.42,-0.15,0.01"
2026-07-26 21:54:27,"9435616,10.20,0.16,-19.74,1.24,-5.74,-0.16,0.01"
2026-07-26 21:54:27,"9441680,10.33,0.17,-20.16,1.35,-6.07,-0.17,0.01"
2026-07-26 21:54:27,"9447776,10.45,0.19,-20.38,1.61,-6.50,-0.19,0.01"
2026-07-26 21:54:27,"9453904,10.58,0.20,-20.75,1.97,-7.03,-0.20,0.01"
2026-07-26 21:54:27,"9459972,10.70,0.22,-20.59,2.70,-7.84,-0.22,0.01"
2026-07-26 21:54:27,"9466016,10.83,0.25,-20.53,3.24,-8.00,-0.25,0.01"
2026-07-26 21:54:27,"9472036,10.95,0.28,-20.51,4.19,0.00,0.00,0.01"
2026-07-26 21:54:27,"9477916,11.07,0.32,-20.32,5.12,0.00,0.00,0.01"
2026-07-26 21:54:27,"9483208,11.13,0.38,-20.23,7.48,0.00,0.00,0.01"
2026-07-26 21:54:27,"9488208,11.15,0.46,-13.99,11.36,0.00,0.00,0.00"
2026-07-26 21:54:27,"9493172,11.15,0.56,-8.17,14.23,0.00,0.00,0.00"
2026-07-26 21:54:27,"9498056,11.15,0.66,-4.50,16.71,0.00,0.00,0.00"
2026-07-26 21:54:27,"9502900,11.15,0.76,-2.69,18.51,0.00,0.00,0.00"
2026-07-26 21:54:27,"9507788,11.15,0.87,-1.47,20.02,0.00,0.00,0.00"
2026-07-26 21:54:27,"9512628,11.16,0.98,-0.86,21.27,0.00,0.00,0.00"
2026-07-26 21:54:27,"9517528,11.16,1.10,-0.59,22.40,0.00,0.00,0.00"
2026-07-26 21:54:27,"9522428,11.16,1.22,-0.53,23.46,0.00,0.00,0.00"
2026-07-26 21:54:27,"9527316,11.16,1.35,-0.53,24.37,0.00,0.00,0.00"
2026-07-26 21:54:27,"9532156,11.17,1.48,-0.52,25.52,0.00,0.00,0.00"
2026-07-26 21:54:27,"9537044,11.17,1.61,-0.44,26.36,0.00,0.00,0.00"
2026-07-26 21:54:27,"9541860,11.17,1.75,-0.39,27.28,0.00,0.00,0.00"
2026-07-26 21:54:27,"9546676,11.17,1.89,-0.37,28.09,0.00,0.00,0.00"
2026-07-26 21:54:27,"9551488,11.17,2.04,-0.36,28.97,0.00,0.00,0.00"
2026-07-26 21:54:27,"9556304,11.17,2.19,-0.36,29.74,0.00,0.00,0.00"
2026-07-26 21:54:27,"9561128,11.17,2.34,-0.35,30.82,0.00,0.00,0.00"
2026-07-26 21:54:27,"9565944,11.17,2.50,-0.35,31.23,0.00,0.00,0.00"
2026-07-26 21:54:27,"9570776,11.16,2.66,-0.35,32.45,0.00,0.00,0.00"
2026-07-26 21:54:27,"9575664,11.16,2.83,-0.15,32.90,0.00,0.00,0.00"
2026-07-26 21:54:27,"9580484,11.16,3.00,-0.05,33.75,0.00,0.00,0.00"
2026-07-26 21:54:27,"9585292,11.16,3.16,0.00,33.77,0.00,0.00,0.00"
2026-07-26 21:54:27,"9590112,11.16,3.32,0.03,33.76,0.00,0.00,0.00"
2026-07-26 21:54:27,"9594988,11.16,3.48,0.08,33.59,0.00,0.00,0.00"
2026-07-26 21:54:27,"9599812,11.16,3.64,0.10,33.26,0.00,0.00,0.00"
2026-07-26 21:54:27,"9604696,11.16,3.80,0.17,32.77,0.00,0.00,0.00"
2026-07-26 21:54:27,"9609584,11.16,3.95,0.24,32.09,0.00,0.00,0.00"
2026-07-26 21:54:27,"9614456,11.15,4.10,0.29,31.60,0.00,0.00,0.00"
2026-07-26 21:54:27,"9619328,11.15,4.24,0.35,30.17,0.00,0.00,0.00"
2026-07-26 21:54:27,"9624200,11.15,4.37,0.40,29.31,0.00,0.00,0.00"
2026-07-26 21:54:27,"9629092,11.15,4.50,0.43,28.12,0.00,0.00,0.00"
2026-07-26 21:54:27,"9633968,11.15,4.63,0.43,27.07,0.00,0.00,0.00"
2026-07-26 21:54:27,"9638840,11.14,4.74,0.43,25.94,0.00,0.00,0.00"
2026-07-26 21:54:27,"9643668,11.14,4.86,0.43,24.71,0.00,0.00,0.00"
2026-07-26 21:54:27,"9648564,11.14,4.96,0.42,23.48,0.00,0.00,0.00"
2026-07-26 21:54:27,"9653452,11.14,5.06,0.40,22.50,0.00,0.00,0.00"
2026-07-26 21:54:27,"9658248,11.14,5.16,0.39,21.30,0.00,0.00,0.00"
2026-07-26 21:54:27,"9663064,11.14,5.25,0.39,20.17,0.00,0.00,0.00"
2026-07-26 21:54:27,"9667884,11.14,5.33,0.38,19.36,0.00,0.00,0.00"
2026-07-26 21:54:27,"9672700,11.14,5.42,0.38,18.50,0.00,0.00,0.00"
2026-07-26 21:54:27,"9677520,11.14,5.49,0.38,17.46,0.00,0.00,0.00"
2026-07-26 21:54:27,"9682336,11.14,5.57,0.38,16.85,0.00,0.00,0.00"
2026-07-26 21:54:27,"9687152,11.14,5.64,0.38,15.84,0.00,0.00,0.00"
2026-07-26 21:54:27,"9691968,11.14,5.71,0.38,15.24,0.00,0.00,0.00"
2026-07-26 21:54:27,"9696784,11.14,5.77,0.38,14.49,0.00,0.00,0.00"
2026-07-26 21:54:27,"9701596,11.14,5.84,0.38,13.92,0.00,0.00,0.00"
2026-07-26 21:54:27,"9706412,11.14,5.89,0.38,13.20,0.00,0.00,0.00"
2026-07-26 21:54:27,"9711224,11.14,5.95,0.38,12.64,0.00,0.00,0.00"
2026-07-26 21:54:27,"9716044,11.14,6.01,0.38,12.16,0.00,0.00,0.00"
2026-07-26 21:54:27,"9720872,11.14,6.06,0.38,12.13,0.00,0.00,0.00"
2026-07-26 21:54:27,"9725684,11.14,6.12,0.38,11.74,0.00,0.00,0.00"
2026-07-26 21:54:27,"9730508,11.14,6.17,0.38,11.62,0.00,0.00,0.00"
2026-07-26 21:54:27,"9735336,11.14,6.23,0.38,11.42,0.00,0.00,0.00"
2026-07-26 21:54:27,"9740152,11.14,6.28,0.38,11.18,0.00,0.00,0.00"
2026-07-26 21:54:27,"9744972,11.14,6.33,0.38,11.17,0.00,0.00,0.00"
2026-07-26 21:54:27,"9749756,11.14,6.38,0.19,11.06,0.00,0.00,0.00"
2026-07-26 21:54:27,"9754536,11.14,6.44,0.10,10.87,0.00,0.00,0.00"
2026-07-26 21:54:27,"9759312,11.14,6.49,0.05,11.02,0.00,0.00,0.00"
2026-07-26 21:54:27,"9764084,11.14,6.54,0.03,10.98,0.00,0.00,0.00"
2026-07-26 21:54:27,"9768856,11.14,6.60,0.01,11.22,0.00,0.00,0.00"
2026-07-26 21:54:27,"9773624,11.14,6.65,0.01,11.36,0.00,0.00,0.00"
2026-07-26 21:54:27,"9778396,11.14,6.71,0.00,11.45,0.00,0.00,0.00"
2026-07-26 21:54:27,"9783168,11.14,6.76,0.00,11.75,0.00,0.00,0.00"
2026-07-26 21:54:27,"9787924,11.14,6.82,0.00,11.96,0.00,0.00,0.00"
2026-07-26 21:54:27,"9792684,11.14,6.88,0.00,12.33,0.00,0.00,0.00"
2026-07-26 21:54:27,"9797448,11.14,6.95,0.00,12.81,0.00,0.00,0.00"
2026-07-26 21:54:27,"9802208,11.14,7.01,0.00,13.10,0.00,0.00,0.00"
2026-07-26 21:54:27,"9806968,11.14,7.08,0.00,13.53,0.00,0.00,0.00"
2026-07-26 21:54:27,"9811720,11.14,7.15,0.00,14.19,0.00,0.00,0.00"
2026-07-26 21:54:27,"9816488,11.14,7.23,0.00,14.69,0.00,0.00,0.00"
2026-07-26 21:54:27,"9821260,11.14,7.30,0.00,15.24,0.00,0.00,0.00"
2026-07-26 21:54:27,"9826016,11.14,7.38,0.00,15.98,0.00,0.00,0.00"
2026-07-26 21:54:27,"9830776,11.14,7.47,0.00,16.68,0.00,0.00,0.00"
2026-07-26 21:54:27,"9835544,11.14,7.56,0.00,17.47,0.00,0.00,0.00"
2026-07-26 21:54:27,"9840308,11.14,7.65,0.00,18.47,0.00,0.00,0.00"
2026-07-26 21:54:27,"9845076,11.14,7.75,0.00,19.19,0.00,0.00,0.00"
2026-07-26 21:54:27,"9849840,11.14,7.85,0.00,20.01,0.00,0.00,0.00"
2026-07-26 21:54:27,"9854604,11.14,7.96,0.00,20.77,0.00,0.00,0.00"
2026-07-26 21:54:27,"9859368,11.14,8.06,0.00,21.60,0.00,0.00,0.00"
2026-07-26 21:54:27,"9864116,11.14,8.18,0.00,22.53,0.00,0.00,0.00"
2026-07-26 21:54:27,"9868880,11.14,8.29,0.00,23.30,0.00,0.00,0.00"
2026-07-26 21:54:27,"9873644,11.14,8.42,0.00,24.16,0.00,0.00,0.00"
2026-07-26 21:54:27,"9878416,11.14,8.54,0.00,25.04,0.00,0.00,0.00"
2026-07-26 21:54:27,"9883172,11.14,8.67,0.00,25.86,0.00,0.00,0.00"
2026-07-26 21:54:27,"9887936,11.14,8.80,0.00,26.72,0.00,0.00,0.00"
2026-07-26 21:54:27,"9892696,11.14,8.94,0.00,27.38,0.00,0.00,0.00"
2026-07-26 21:54:27,"9897456,11.14,9.08,0.00,27.90,0.00,0.00,0.00"
2026-07-26 21:54:27,"9902216,11.14,9.22,0.00,28.60,0.00,0.00,0.00"
2026-07-26 21:54:27,"9906976,11.14,9.36,0.00,28.89,0.00,0.00,0.00"
2026-07-26 21:54:27,"9911736,11.14,9.50,0.00,29.06,0.00,0.00,0.00"
2026-07-26 21:54:27,"9916500,11.14,9.64,0.00,29.42,0.00,0.00,0.00"
2026-07-26 21:54:28,"9921264,11.14,9.78,0.00,29.24,0.00,0.00,0.00"
2026-07-26 21:54:28,"9926032,11.14,9.91,0.00,29.00,0.00,0.00,0.00"
2026-07-26 21:54:28,"9930796,11.14,10.04,0.00,28.48,0.00,0.00,0.00"
2026-07-26 21:54:28,"9935616,11.14,10.17,0.00,27.91,0.00,0.00,0.00"
2026-07-26 21:54:28,"9940528,11.14,10.30,0.00,27.24,0.00,0.00,0.00"
2026-07-26 21:54:28,"9945376,11.14,10.43,0.01,26.47,0.00,0.00,0.00"
2026-07-26 21:54:28,"9950244,11.14,10.54,0.01,25.46,0.00,0.00,0.00"
2026-07-26 21:54:28,"9955104,11.14,10.65,0.01,24.37,0.00,0.00,0.00"
2026-07-26 21:54:28,"9959964,11.14,10.76,0.01,23.20,0.00,0.00,0.00"
2026-07-26 21:54:28,"9964816,11.14,10.86,0.01,22.02,0.00,0.00,0.00"
2026-07-26 21:54:28,"9969672,11.14,10.95,0.01,20.79,0.00,0.00,0.00"
2026-07-26 21:54:28,"9974524,11.14,11.04,0.01,19.81,0.00,0.00,0.00"
2026-07-26 21:54:28,"9979380,11.14,11.12,0.01,18.71,0.00,0.00,0.00"
2026-07-26 21:54:28,"9984240,11.14,11.19,0.01,17.41,0.00,0.00,0.00"
2026-07-26 21:54:28,"9989100,11.14,11.27,0.01,16.51,0.00,0.00,0.00"
2026-07-26 21:54:28,"9993964,11.14,11.34,0.01,15.58,0.00,0.00,0.00"
2026-07-26 21:54:28,"9998824,11.14,11.40,0.01,14.53,0.00,0.00,0.00"
2026-07-26 21:54:28,"10003676,11.14,11.46,0.01,13.27,0.00,0.00,0.00"
2026-07-26 21:54:28,"10008600,11.14,11.51,0.01,12.32,0.00,0.00,0.00"
2026-07-26 21:54:28,"10013496,11.14,11.56,0.01,11.40,0.00,0.00,0.00"
2026-07-26 21:54:28,"10018396,11.14,11.60,0.01,10.35,0.00,0.00,0.00"
2026-07-26 21:54:28,"10023292,11.14,11.64,0.01,9.47,0.00,0.00,0.00"
2026-07-26 21:54:28,"10028156,11.14,11.67,0.01,8.33,0.00,0.00,0.00"
2026-07-26 21:54:28,"10033012,11.14,11.70,0.01,7.52,0.00,0.00,0.00"
2026-07-26 21:54:28,"10037864,11.14,11.73,0.01,6.79,0.00,0.00,0.00"
2026-07-26 21:54:28,"10042680,11.14,11.76,0.00,6.24,0.00,0.00,0.00"
2026-07-26 21:54:28,"10047500,11.14,11.78,0.00,5.53,0.00,0.00,0.00"
2026-07-26 21:54:28,"10052320,11.14,11.80,0.00,4.72,0.00,0.00,0.00"
2026-07-26 21:54:28,"10057124,11.14,11.81,0.00,3.85,0.00,0.00,0.00"
2026-07-26 21:54:28,"10061940,11.14,11.82,0.00,3.08,0.00,0.00,0.00"
2026-07-26 21:54:28,"10066748,11.14,11.82,0.00,2.36,0.00,0.00,0.00"
2026-07-26 21:54:28,"10071568,11.14,11.83,0.00,1.67,0.00,0.00,0.00"
2026-07-26 21:54:28,"10076384,11.14,11.83,0.00,1.13,0.00,0.00,0.00"
2026-07-26 21:54:28,"10081204,11.14,11.82,0.00,0.29,0.00,0.00,0.00"
2026-07-26 21:54:28,"10086016,11.14,11.82,0.00,-0.33,0.00,0.00,0.00"
2026-07-26 21:54:28,"10090828,11.14,11.81,0.00,-0.96,0.00,0.00,0.00"
2026-07-26 21:54:28,"10095656,11.14,11.80,0.00,-1.47,0.00,0.00,0.00"
2026-07-26 21:54:28,"10100472,11.14,11.78,0.00,-2.28,0.00,0.00,0.00"
2026-07-26 21:54:28,"10105296,11.14,11.76,0.00,-2.90,0.00,0.00,0.00"
2026-07-26 21:54:28,"10110120,11.14,11.74,0.00,-3.52,0.00,0.00,0.00"
2026-07-26 21:54:28,"10114948,11.14,11.72,0.00,-4.27,0.00,0.00,0.00"
2026-07-26 21:54:28,"10119780,11.14,11.69,0.00,-4.98,0.00,0.00,0.00"
2026-07-26 21:54:28,"10124600,11.14,11.65,0.00,-5.66,0.00,0.00,0.00"
2026-07-26 21:54:28,"10129428,11.14,11.62,0.00,-6.32,0.00,0.00,0.00"
2026-07-26 21:54:28,"10134252,11.14,11.58,0.00,-7.10,0.00,0.00,0.00"
2026-07-26 21:54:28,"10139076,11.14,11.54,0.00,-7.69,0.00,0.00,0.00"
2026-07-26 21:54:28,"10143896,11.14,11.49,0.00,-8.56,0.00,0.00,0.00"
2026-07-26 21:54:28,"10148720,11.14,11.44,0.00,-9.21,0.00,0.00,0.00"
2026-07-26 21:54:28,"10153544,11.14,11.39,0.00,-10.10,0.00,0.00,0.00"
2026-07-26 21:54:28,"10158420,11.14,11.33,0.00,-10.97,0.00,0.00,0.00"
2026-07-26 21:54:28,"10163300,11.14,11.26,0.00,-11.86,0.00,0.00,0.00"
2026-07-26 21:54:28,"10168160,11.14,11.19,0.00,-12.80,0.00,0.00,0.00"
2026-07-26 21:54:28,"10173028,11.14,11.12,0.00,-13.73,0.00,0.00,0.00"
2026-07-26 21:54:28,"10177908,11.14,11.04,0.00,-14.65,0.00,0.00,0.00"
2026-07-26 21:54:28,"10182764,11.14,10.96,0.00,-15.61,0.00,0.00,0.00"
2026-07-26 21:54:28,"10187640,11.14,10.87,0.00,-16.54,0.00,0.00,0.00"
2026-07-26 21:54:28,"10192532,11.14,10.78,0.00,-17.45,0.00,0.00,0.00"
2026-07-26 21:54:28,"10197500,11.14,10.68,0.00,-18.50,0.00,0.00,0.00"
2026-07-26 21:54:28,"10202424,11.14,10.58,0.01,-19.20,0.00,0.00,0.00"
2026-07-26 21:54:28,"10207392,11.14,10.47,-0.09,-20.16,0.00,0.00,0.00"
2026-07-26 21:54:28,"10212320,11.14,10.36,-0.14,-21.31,0.00,0.00,0.00"
2026-07-26 21:54:28,"10217320,11.14,10.24,0.08,-22.36,0.00,0.00,0.00"
2026-07-26 21:54:28,"10222240,11.14,10.12,0.19,-23.14,0.00,0.00,0.00"
2026-07-26 21:54:28,"10227160,11.14,10.00,0.24,-23.74,0.00,0.00,0.00"
2026-07-26 21:54:28,"10232076,11.14,9.87,0.27,-24.60,0.00,0.00,0.00"
2026-07-26 21:54:28,"10236944,11.14,9.74,0.28,-25.10,0.00,0.00,0.00"
2026-07-26 21:54:28,"10241808,11.14,9.62,0.29,-25.40,0.00,0.00,0.00"
2026-07-26 21:54:28,"10246692,11.14,9.49,0.29,-25.54,0.00,0.00,0.00"
2026-07-26 21:54:28,"10251624,11.14,9.36,0.12,-25.65,0.00,0.00,0.00"
2026-07-26 21:54:28,"10256504,11.14,9.24,0.03,-25.58,0.00,0.00,0.00"
2026-07-26 21:54:28,"10261372,11.14,9.12,-0.01,-25.56,0.00,0.00,0.00"
2026-07-26 21:54:28,"10266244,11.14,9.00,-0.04,-25.28,0.00,0.00,0.00"
2026-07-26 21:54:28,"10271100,11.14,8.88,-0.05,-24.77,0.00,0.00,0.00"
2026-07-26 21:54:28,"10275972,11.14,8.77,-0.05,-24.18,0.00,0.00,0.00"
2026-07-26 21:54:28,"10280840,11.14,8.65,-0.06,-23.71,0.00,0.00,0.00"
2026-07-26 21:54:28,"10285716,11.14,8.55,-0.06,-22.78,0.00,0.00,0.00"
2026-07-26 21:54:28,"10290584,11.14,8.45,-0.06,-21.99,0.00,0.00,0.00"
2026-07-26 21:54:28,"10295460,11.14,8.35,-0.06,-21.12,0.00,0.00,0.00"
2026-07-26 21:54:28,"10300340,11.14,8.26,-0.06,-20.09,0.00,0.00,0.00"
2026-07-26 21:54:28,"10305200,11.14,8.17,-0.06,-19.13,0.00,0.00,0.00"
2026-07-26 21:54:28,"10310076,11.14,8.09,-0.06,-18.14,0.00,0.00,0.00"
2026-07-26 21:54:28,"10314956,11.14,8.02,-0.06,-17.05,0.00,0.00,0.00"
2026-07-26 21:54:28,"10319816,11.14,7.95,-0.06,-16.04,0.00,0.00,0.00"
2026-07-26 21:54:28,"10324696,11.14,7.88,-0.06,-15.03,0.00,0.00,0.00"
2026-07-26 21:54:28,"10329564,11.14,7.82,-0.06,-13.93,0.00,0.00,0.00"
2026-07-26 21:54:28,"10334432,11.14,7.77,-0.06,-12.90,0.00,0.00,0.00"
2026-07-26 21:54:28,"10339304,11.14,7.72,-0.06,-11.77,0.00,0.00,0.00"
2026-07-26 21:54:28,"10344184,11.14,7.67,-0.06,-10.71,0.00,0.00,0.00"
2026-07-26 21:54:28,"10349064,11.14,7.63,-0.06,-9.69,0.00,0.00,0.00"
2026-07-26 21:54:28,"10353864,11.14,7.60,-0.03,-8.63,0.00,0.00,0.00"
2026-07-26 21:54:28,"10358636,11.14,7.57,-0.02,-7.62,0.00,0.00,0.00"
2026-07-26 21:54:28,"10363428,11.14,7.55,-0.01,-6.62,0.00,0.00,0.00"
2026-07-26 21:54:28,"10368224,11.14,7.53,-0.00,-5.64,0.00,0.00,0.00"
2026-07-26 21:54:28,"10373004,11.14,7.51,-0.00,-4.54,0.00,0.00,0.00"
2026-07-26 21:54:28,"10377784,11.14,7.50,-0.00,-3.62,0.00,0.00,0.00"
2026-07-26 21:54:28,"10382556,11.14,7.50,-0.00,-2.69,0.00,0.00,0.00"
2026-07-26 21:54:28,"10387340,11.14,7.49,-0.00,-1.74,0.00,0.00,0.00"
2026-07-26 21:54:28,"10392124,11.14,7.50,-0.00,-0.79,0.00,0.00,0.00"
2026-07-26 21:54:28,"10396900,11.14,7.50,-0.00,0.17,0.00,0.00,0.00"
2026-07-26 21:54:28,"10401668,11.14,7.51,-0.00,1.00,0.00,0.00,0.00"
2026-07-26 21:54:28,"10406432,11.14,7.53,-0.00,2.02,0.00,0.00,0.00"
2026-07-26 21:54:28,"10411204,11.14,7.55,-0.00,2.88,0.00,0.00,0.00"
2026-07-26 21:54:28,"10415976,11.14,7.58,-0.00,3.92,0.00,0.00,0.00"
2026-07-26 21:54:28,"10420748,11.14,7.61,-0.00,4.79,0.00,0.00,0.00"
2026-07-26 21:54:28,"10425524,11.14,7.64,-0.00,5.57,0.00,0.00,0.00"
2026-07-26 21:54:28,"10430300,11.14,7.68,-0.00,6.56,0.00,0.00,0.00"
2026-07-26 21:54:28,"10435080,11.14,7.72,-0.00,7.40,0.00,0.00,0.00"
2026-07-26 21:54:28,"10439852,11.14,7.77,-0.00,8.30,0.00,0.00,0.00"
2026-07-26 21:54:28,"10444628,11.14,7.82,-0.00,9.35,0.00,0.00,0.00"
2026-07-26 21:54:28,"10449408,11.14,7.87,-0.00,10.23,0.00,0.00,0.00"
2026-07-26 21:54:28,"10454232,11.14,7.93,-0.00,11.23,0.00,0.00,0.00"
2026-07-26 21:54:28,"10459060,11.14,8.00,-0.00,12.07,0.00,0.00,0.00"
2026-07-26 21:54:28,"10463868,11.14,8.07,-0.00,12.99,0.00,0.00,0.00"
2026-07-26 21:54:28,"10468684,11.14,8.14,-0.00,14.03,0.00,0.00,0.00"
2026-07-26 21:54:28,"10473504,11.14,8.22,-0.00,15.04,0.00,0.00,0.00"
2026-07-26 21:54:28,"10478324,11.14,8.30,-0.00,15.77,0.00,0.00,0.00"
2026-07-26 21:54:28,"10483144,11.14,8.39,-0.00,16.72,0.00,0.00,0.00"
2026-07-26 21:54:28,"10487968,11.14,8.48,-0.00,17.54,0.00,0.00,0.00"
2026-07-26 21:54:28,"10492792,11.14,8.58,-0.00,18.41,0.00,0.00,0.00"
2026-07-26 21:54:28,"10497616,11.14,8.67,-0.00,19.06,0.00,0.00,0.00"
2026-07-26 21:54:28,"10502424,11.14,8.78,-0.00,19.99,0.00,0.00,0.00"
2026-07-26 21:54:28,"10507240,11.14,8.88,-0.00,20.65,0.00,0.00,0.00"
2026-07-26 21:54:28,"10512064,11.14,8.99,-0.00,21.17,0.00,0.00,0.00"
2026-07-26 21:54:28,"10516884,11.14,9.09,-0.00,21.61,0.00,0.00,0.00"
2026-07-26 21:54:28,"10521708,11.14,9.21,-0.00,22.51,0.00,0.00,0.00"
2026-07-26 21:54:28,"10526528,11.14,9.32,-0.00,22.80,0.00,0.00,0.00"
2026-07-26 21:54:28,"10531344,11.14,9.43,-0.00,22.85,0.00,0.00,0.00"
2026-07-26 21:54:28,"10536160,11.14,9.54,-0.00,23.01,0.00,0.00,0.00"
2026-07-26 21:54:28,"10540972,11.14,9.65,-0.00,22.86,0.00,0.00,0.00"
2026-07-26 21:54:28,"10545784,11.14,9.76,-0.00,22.64,0.00,0.00,0.00"
2026-07-26 21:54:28,"10550600,11.14,9.87,-0.00,22.63,0.00,0.00,0.00"
2026-07-26 21:54:28,"10555424,11.14,9.97,-0.00,22.36,0.00,0.00,0.00"
2026-07-26 21:54:28,"10560240,11.14,10.07,-0.00,21.57,0.00,0.00,0.00"
2026-07-26 21:54:28,"10565096,11.14,10.17,-0.00,21.03,0.00,0.00,0.00"
2026-07-26 21:54:28,"10569980,11.14,10.27,-0.00,20.41,0.00,0.00,0.00"
2026-07-26 21:54:28,"10574952,11.14,10.36,0.00,19.77,0.00,0.00,0.00"
2026-07-26 21:54:28,"10579836,11.14,10.44,0.01,18.77,0.00,0.00,0.00"
2026-07-26 21:54:28,"10584744,11.14,10.52,0.01,17.89,0.00,0.00,0.00"
2026-07-26 21:54:28,"10589648,11.14,10.60,0.01,16.74,0.00,0.00,0.00"
2026-07-26 21:54:28,"10594572,11.14,10.67,0.01,15.90,0.00,0.00,0.00"
2026-07-26 21:54:28,"10599524,11.14,10.74,-0.05,14.99,0.00,0.00,0.00"
2026-07-26 21:54:28,"10604440,11.14,10.80,-0.07,13.86,0.00,0.00,0.00"
2026-07-26 21:54:28,"10609328,11.14,10.85,-0.08,12.71,0.00,0.00,0.00"
2026-07-26 21:54:28,"10614240,11.14,10.90,-0.09,11.62,0.00,0.00,0.00"
2026-07-26 21:54:28,"10619136,11.14,10.94,-0.09,10.61,0.00,0.00,0.00"
2026-07-26 21:54:28,"10624048,11.14,10.98,-0.10,9.49,0.00,0.00,0.00"
2026-07-26 21:54:28,"10628900,11.14,11.02,-0.10,8.48,0.00,0.00,0.00"
2026-07-26 21:54:28,"10633768,11.14,11.04,-0.10,7.35,0.00,0.00,0.00"
2026-07-26 21:54:28,"10638636,11.14,11.07,-0.10,6.30,0.00,0.00,0.00"
2026-07-26 21:54:28,"10643492,11.14,11.09,-0.10,5.30,0.00,0.00,0.00"
2026-07-26 21:54:28,"10648340,11.14,11.10,-0.10,4.32,0.00,0.00,0.00"
2026-07-26 21:54:28,"10653204,11.14,11.11,-0.10,3.35,0.00,0.00,0.00"
2026-07-26 21:54:28,"10658080,11.14,11.11,-0.10,2.39,0.00,0.00,0.00"
2026-07-26 21:54:28,"10662960,11.14,11.11,-0.10,1.18,0.00,0.00,0.00"
2026-07-26 21:54:28,"10667840,11.14,11.10,-0.10,0.08,0.00,0.00,0.00"
2026-07-26 21:54:28,"10672692,11.14,11.09,-0.10,-0.84,0.00,0.00,0.00"
2026-07-26 21:54:28,"10677552,11.14,11.08,-0.10,-1.89,0.00,0.00,0.00"
2026-07-26 21:54:28,"10682428,11.14,11.05,-0.10,-2.90,0.00,0.00,0.00"
2026-07-26 21:54:28,"10687288,11.14,11.03,-0.10,-3.76,0.00,0.00,0.00"
2026-07-26 21:54:28,"10692156,11.14,11.00,-0.10,-4.65,0.00,0.00,0.00"
2026-07-26 21:54:28,"10696988,11.14,10.97,-0.05,-5.46,0.00,0.00,0.00"
2026-07-26 21:54:28,"10701828,11.14,10.93,-0.03,-6.57,0.00,0.00,0.00"
2026-07-26 21:54:28,"10706676,11.14,10.88,-0.01,-7.61,0.00,0.00,0.00"
2026-07-26 21:54:28,"10711520,11.14,10.83,-0.01,-8.62,0.00,0.00,0.00"
2026-07-26 21:54:28,"10716352,11.14,10.78,-0.00,-9.87,0.00,0.00,0.00"
2026-07-26 21:54:28,"10721180,11.14,10.72,-0.00,-10.62,0.00,0.00,0.00"
2026-07-26 21:54:28,"10726084,11.14,10.66,-0.00,-11.25,0.00,0.00,0.00"
2026-07-26 21:54:28,"10731060,11.14,10.59,0.01,-12.18,0.00,0.00,0.00"
2026-07-26 21:54:28,"10735984,11.14,10.52,0.01,-13.04,0.00,0.00,0.00"
2026-07-26 21:54:28,"10740908,11.14,10.45,0.01,-14.05,0.00,0.00,0.00"
2026-07-26 21:54:28,"10745876,11.14,10.37,-0.09,-14.98,0.00,0.00,0.00"
2026-07-26 21:54:28,"10750792,11.14,10.28,-0.14,-16.10,0.00,0.00,0.00"
2026-07-26 21:54:28,"10755720,11.14,10.19,-0.16,-16.88,0.00,0.00,0.00"
2026-07-26 21:54:28,"10760648,11.14,10.10,-0.17,-17.72,0.00,0.00,0.00"
2026-07-26 21:54:28,"10765588,11.14,10.00,-0.18,-18.21,0.00,0.00,0.00"
2026-07-26 21:54:28,"10770516,11.14,9.90,-0.18,-19.02,0.00,0.00,0.00"
2026-07-26 21:54:28,"10775380,11.14,9.81,-0.19,-19.36,0.00,0.00,0.00"
2026-07-26 21:54:28,"10780256,11.14,9.71,-0.19,-19.80,0.00,0.00,0.00"
2026-07-26 21:54:28,"10785136,11.14,9.61,-0.19,-20.05,0.00,0.00,0.00"
2026-07-26 21:54:28,"10790016,11.14,9.50,-0.19,-20.33,0.00,0.00,0.00"
2026-07-26 21:54:28,"10794896,11.14,9.40,-0.19,-20.50,0.00,0.00,0.00"
2026-07-26 21:54:28,"10799760,11.14,9.30,-0.19,-20.50,0.00,0.00,0.00"
2026-07-26 21:54:28,"10804628,11.14,9.20,-0.19,-20.49,0.00,0.00,0.00"
2026-07-26 21:54:28,"10809512,11.14,9.11,-0.19,-20.08,0.00,0.00,0.00"
2026-07-26 21:54:28,"10814380,11.14,9.01,-0.19,-19.87,0.00,0.00,0.00"
2026-07-26 21:54:28,"10819252,11.14,8.92,-0.19,-19.48,0.00,0.00,0.00"
2026-07-26 21:54:28,"10824128,11.14,8.84,-0.19,-18.73,0.00,0.00,0.00"
2026-07-26 21:54:28,"10829016,11.14,8.75,-0.19,-18.27,0.00,0.00,0.00"
2026-07-26 21:54:28,"10833896,11.14,8.67,-0.19,-17.75,0.00,0.00,0.00"
2026-07-26 21:54:28,"10838784,11.14,8.59,-0.19,-16.80,0.00,0.00,0.00"
2026-07-26 21:54:28,"10843624,11.14,8.52,-0.10,-16.04,0.00,0.00,0.00"
2026-07-26 21:54:28,"10848464,11.14,8.45,-0.05,-15.20,0.00,0.00,0.00"
2026-07-26 21:54:28,"10853300,11.14,8.39,-0.02,-14.20,0.00,0.00,0.00"
2026-07-26 21:54:28,"10858132,11.14,8.33,-0.01,-13.47,0.00,0.00,0.00"
2026-07-26 21:54:28,"10862968,11.14,8.28,-0.01,-12.52,0.00,0.00,0.00"
2026-07-26 21:54:28,"10867816,11.14,8.23,-0.00,-11.44,0.00,0.00,0.00"
2026-07-26 21:54:28,"10872652,11.14,8.19,-0.00,-10.54,0.00,0.00,0.00"
2026-07-26 21:54:28,"10877492,11.14,8.15,-0.00,-9.49,0.00,0.00,0.00"
2026-07-26 21:54:28,"10882280,11.14,8.11,-0.00,-8.52,0.00,0.00,0.00"
2026-07-26 21:54:28,"10887060,11.14,8.08,-0.00,-7.55,0.00,0.00,0.00"
2026-07-26 21:54:28,"10891836,11.14,8.06,-0.00,-6.58,0.00,0.00,0.00"
2026-07-26 21:54:28,"10896612,11.14,8.04,-0.00,-5.62,0.00,0.00,0.00"
2026-07-26 21:54:28,"10901392,11.14,8.03,-0.00,-4.53,0.00,0.00,0.00"
2026-07-26 21:54:28,"10906172,11.14,8.02,-0.00,-3.49,0.00,0.00,0.00"
2026-07-26 21:54:28,"10910952,11.14,8.01,-0.00,-2.61,0.00,0.00,0.00"
2026-07-26 21:54:29,"10915736,11.14,8.01,-0.00,-1.44,0.00,0.00,0.00"
2026-07-26 21:54:29,"10920516,11.14,8.02,-0.00,-0.48,0.00,0.00,0.00"
2026-07-26 21:54:29,"10925292,11.14,8.03,-0.00,0.49,0.00,0.00,0.00"
2026-07-26 21:54:29,"10930060,11.14,8.04,-0.00,1.45,0.00,0.00,0.00"
2026-07-26 21:54:29,"10934832,11.14,8.06,-0.00,2.41,0.00,0.00,0.00"
2026-07-26 21:54:29,"10939612,11.14,8.08,-0.00,3.37,0.00,0.00,0.00"
2026-07-26 21:54:29,"10944384,11.14,8.11,-0.00,4.34,0.00,0.00,0.00"
2026-07-26 21:54:29,"10949160,11.14,8.14,-0.00,5.30,0.00,0.00,0.00"
2026-07-26 21:54:29,"10953936,11.14,8.18,-0.00,6.26,0.00,0.00,0.00"
2026-07-26 21:54:29,"10958716,11.14,8.22,-0.00,7.10,0.00,0.00,0.00"
2026-07-26 21:54:29,"10963488,11.14,8.26,-0.00,8.12,0.00,0.00,0.00"
2026-07-26 21:54:29,"10968272,11.14,8.31,-0.00,8.97,0.00,0.00,0.00"
2026-07-26 21:54:29,"10973048,11.14,8.37,-0.00,10.01,0.00,0.00,0.00"
2026-07-26 21:54:29,"10977876,11.14,8.42,-0.00,10.58,0.00,0.00,0.00"
2026-07-26 21:54:29,"10982696,11.14,8.49,-0.00,11.57,0.00,0.00,0.00"
2026-07-26 21:54:29,"10987532,11.14,8.55,-0.00,12.27,0.00,0.00,0.00"
2026-07-26 21:54:29,"10992352,11.14,8.62,-0.00,13.09,0.00,0.00,0.00"
2026-07-26 21:54:29,"10997164,11.14,8.69,-0.00,13.85,0.00,0.00,0.00"
2026-07-26 21:54:29,"11001988,11.14,8.77,-0.00,14.54,0.00,0.00,0.00"
2026-07-26 21:54:29,"11006808,11.14,8.85,-0.00,15.34,0.00,0.00,0.00"
2026-07-26 21:54:29,"11011636,11.14,8.93,-0.00,15.82,0.00,0.00,0.00"
2026-07-26 21:54:29,"11016464,11.14,9.01,-0.00,16.35,0.00,0.00,0.00"
2026-07-26 21:54:29,"11021288,11.14,9.09,-0.00,16.68,0.00,0.00,0.00"
2026-07-26 21:54:29,"11026112,11.14,9.18,-0.00,17.51,0.00,0.00,0.00"
2026-07-26 21:54:29,"11030920,11.14,9.27,-0.00,17.78,0.00,0.00,0.00"
2026-07-26 21:54:29,"11035744,11.14,9.36,-0.00,17.92,0.00,0.00,0.00"
2026-07-26 21:54:29,"11040560,11.14,9.44,-0.00,18.01,0.00,0.00,0.00"
2026-07-26 21:54:29,"11045372,11.14,9.53,-0.00,18.08,0.00,0.00,0.00"
2026-07-26 21:54:29,"11050180,11.14,9.62,-0.00,17.99,0.00,0.00,0.00"
2026-07-26 21:54:29,"11054992,11.14,9.70,-0.00,17.94,0.00,0.00,0.00"
2026-07-26 21:54:29,"11059808,11.14,9.79,-0.00,17.77,0.00,0.00,0.00"
2026-07-26 21:54:29,"11064620,11.14,9.87,-0.00,17.55,0.00,0.00,0.00"
2026-07-26 21:54:29,"11069436,11.14,9.95,-0.00,16.90,0.00,0.00,0.00"
2026-07-26 21:54:29,"11074252,11.14,10.02,-0.00,16.51,0.00,0.00,0.00"
2026-07-26 21:54:29,"11079108,11.14,10.10,-0.00,16.10,0.00,0.00,0.00"
2026-07-26 21:54:29,"11083972,11.14,10.17,-0.00,15.59,0.00,0.00,0.00"
2026-07-26 21:54:29,"11088840,11.14,10.24,-0.00,14.90,0.00,0.00,0.00"
2026-07-26 21:54:29,"11093704,11.14,10.30,-0.00,13.99,0.00,0.00,0.00"
2026-07-26 21:54:29,"11098564,11.14,10.36,-0.00,13.06,0.00,0.00,0.00"
2026-07-26 21:54:29,"11103432,11.14,10.41,-0.00,12.25,0.00,0.00,0.00"
2026-07-26 21:54:29,"11108300,11.14,10.46,-0.00,11.51,0.00,0.00,0.00"
2026-07-26 21:54:29,"11113172,11.14,10.51,-0.00,10.56,0.00,0.00,0.00"
2026-07-26 21:54:29,"11118040,11.14,10.55,-0.00,9.61,0.00,0.00,0.00"
2026-07-26 21:54:29,"11122868,11.14,10.58,-0.00,8.69,0.00,0.00,0.00"
2026-07-26 21:54:29,"11127688,11.14,10.61,-0.00,7.76,0.00,0.00,0.00"
2026-07-26 21:54:29,"11132508,11.14,10.64,-0.00,6.95,0.00,0.00,0.00"
2026-07-26 21:54:29,"11137324,11.14,10.66,-0.00,5.82,0.00,0.00,0.00"
2026-07-26 21:54:29,"11142148,11.14,10.68,-0.00,4.89,0.00,0.00,0.00"
2026-07-26 21:54:29,"11146964,11.14,10.69,-0.00,3.96,0.00,0.00,0.00"
2026-07-26 21:54:29,"11151784,11.14,10.70,-0.00,3.01,0.00,0.00,0.00"
2026-07-26 21:54:29,"11156604,11.14,10.70,-0.00,1.93,0.00,0.00,0.00"
2026-07-26 21:54:29,"11161420,11.14,10.70,-0.00,1.03,0.00,0.00,0.00"
2026-07-26 21:54:29,"11166232,11.14,10.69,-0.00,0.11,0.00,0.00,0.00"
2026-07-26 21:54:29,"11171052,11.14,10.68,-0.00,-0.95,0.00,0.00,0.00"
2026-07-26 21:54:29,"11175872,11.14,10.66,-0.00,-1.84,0.00,0.00,0.00"
2026-07-26 21:54:29,"11180704,11.14,10.64,-0.00,-2.76,0.00,0.00,0.00"
2026-07-26 21:54:29,"11185540,11.14,10.62,-0.00,-3.68,0.00,0.00,0.00"
2026-07-26 21:54:29,"11190376,11.14,10.59,-0.00,-4.62,0.00,0.00,0.00"
2026-07-26 21:54:29,"11195204,11.14,10.56,-0.00,-5.57,0.00,0.00,0.00"
2026-07-26 21:54:29,"11200040,11.14,10.52,-0.00,-6.39,0.00,0.00,0.00"
2026-07-26 21:54:29,"11204868,11.14,10.48,-0.00,-7.39,0.00,0.00,0.00"
2026-07-26 21:54:29,"11209700,11.14,10.43,-0.00,-8.12,0.00,0.00,0.00"
2026-07-26 21:54:29,"11214544,11.14,10.38,-0.00,-8.92,0.00,0.00,0.00"
2026-07-26 21:54:29,"11219368,11.14,10.33,-0.00,-9.81,0.00,0.00,0.00"
2026-07-26 21:54:29,"11224208,11.14,10.27,-0.00,-10.45,0.00,0.00,0.00"
2026-07-26 21:54:29,"11229084,11.14,10.21,-0.00,-11.30,0.00,0.00,0.00"
2026-07-26 21:54:29,"11233964,11.14,10.14,-0.00,-12.31,0.00,0.00,0.00"
2026-07-26 21:54:29,"11238856,11.14,10.08,-0.00,-12.78,0.00,0.00,0.00"
2026-07-26 21:54:29,"11243724,11.14,10.01,-0.00,-13.47,0.00,0.00,0.00"
2026-07-26 21:54:29,"11248604,11.14,9.94,-0.00,-13.99,0.00,0.00,0.00"
2026-07-26 21:54:29,"11253444,11.14,9.86,-0.00,-14.35,0.00,0.00,0.00"
2026-07-26 21:54:29,"11258272,11.14,9.79,-0.00,-14.97,0.00,0.00,0.00"
2026-07-26 21:54:29,"11263108,11.14,9.71,-0.00,-15.32,0.00,0.00,0.00"
2026-07-26 21:54:29,"11267940,11.14,9.63,-0.00,-15.54,0.00,0.00,0.00"
2026-07-26 21:54:29,"11272764,11.14,9.56,-0.00,-15.81,0.00,0.00,0.00"
2026-07-26 21:54:29,"11277596,11.14,9.48,-0.00,-15.96,0.00,0.00,0.00"
2026-07-26 21:54:29,"11282420,11.14,9.40,-0.00,-15.94,0.00,0.00,0.00"
2026-07-26 21:54:29,"11287240,11.14,9.32,-0.00,-16.06,0.00,0.00,0.00"
2026-07-26 21:54:29,"11292072,11.14,9.25,-0.00,-15.86,0.00,0.00,0.00"
2026-07-26 21:54:29,"11296916,11.14,9.17,-0.00,-15.72,0.00,0.00,0.00"
2026-07-26 21:54:29,"11301752,11.14,9.10,-0.00,-15.52,0.00,0.00,0.00"
2026-07-26 21:54:29,"11306584,11.14,9.03,-0.00,-15.15,0.00,0.00,0.00"
2026-07-26 21:54:29,"11311416,11.14,8.96,-0.00,-14.68,0.00,0.00,0.00"
2026-07-26 21:54:29,"11316248,11.14,8.89,-0.00,-14.27,0.00,0.00,0.00"
2026-07-26 21:54:29,"11321076,11.14,8.83,-0.00,-13.64,0.00,0.00,0.00"
2026-07-26 21:54:29,"11325908,11.14,8.77,-0.00,-13.14,0.00,0.00,0.00"
2026-07-26 21:54:29,"11330748,11.14,8.72,-0.00,-12.57,0.00,0.00,0.00"
2026-07-26 21:54:29,"11335584,11.14,8.66,-0.00,-11.99,0.00,0.00,0.00"
2026-07-26 21:54:29,"11340416,11.14,8.61,-0.00,-11.13,0.00,0.00,0.00"
2026-07-26 21:54:29,"11345256,11.14,8.57,-0.00,-10.35,0.00,0.00,0.00"
2026-07-26 21:54:29,"11350096,11.14,8.53,-0.00,-9.63,0.00,0.00,0.00"
2026-07-26 21:54:29,"11354884,11.14,8.49,-0.00,-8.73,0.00,0.00,0.00"
2026-07-26 21:54:29,"11359664,11.14,8.46,-0.00,-7.93,0.00,0.00,0.00"
2026-07-26 21:54:29,"11364452,11.14,8.43,-0.00,-7.07,0.00,0.00,0.00"
2026-07-26 21:54:29,"11369228,11.14,8.41,-0.00,-6.30,0.00,0.00,0.00"
2026-07-26 21:54:29,"11374008,11.14,8.39,-0.00,-5.45,0.00,0.00,0.00"
2026-07-26 21:54:29,"11378800,11.14,8.37,-0.00,-4.55,0.00,0.00,0.00"
2026-07-26 21:54:29,"11383584,11.14,8.36,-0.00,-3.63,0.00,0.00,0.00"
2026-07-26 21:54:29,"11388372,11.14,8.36,-0.00,-2.69,0.00,0.00,0.00"
2026-07-26 21:54:29,"11393156,11.14,8.35,-0.00,-1.87,0.00,0.00,0.00"
2026-07-26 21:54:29,"11397948,11.14,8.36,-0.00,-0.99,0.00,0.00,0.00"
2026-07-26 21:54:29,"11402732,11.14,8.36,-0.00,-0.08,0.00,0.00,0.00"
2026-07-26 21:54:29,"11407500,11.14,8.37,-0.00,0.85,0.00,0.00,0.00"
2026-07-26 21:54:29,"11412272,11.14,8.39,-0.00,1.67,0.00,0.00,0.00"
2026-07-26 21:54:29,"11417052,11.14,8.40,-0.00,2.54,0.00,0.00,0.00"
2026-07-26 21:54:29,"11421824,11.14,8.43,-0.00,3.32,0.00,0.00,0.00"
2026-07-26 21:54:29,"11426604,11.14,8.45,-0.00,4.18,0.00,0.00,0.00"
2026-07-26 21:54:29,"11431384,11.14,8.48,-0.00,4.95,0.00,0.00,0.00"
2026-07-26 21:54:29,"11436156,11.14,8.52,-0.00,5.92,0.00,0.00,0.00"
2026-07-26 21:54:29,"11440932,11.14,8.55,-0.00,6.64,0.00,0.00,0.00"
2026-07-26 21:54:29,"11445704,11.14,8.59,-0.00,7.33,0.00,0.00,0.00"
2026-07-26 21:54:29,"11450484,11.14,8.64,-0.00,7.99,0.00,0.00,0.00"
2026-07-26 21:54:29,"11455256,11.14,8.68,-0.00,8.78,0.00,0.00,0.00"
2026-07-26 21:54:29,"11460028,11.14,8.74,-0.00,9.64,0.00,0.00,0.00"
2026-07-26 21:54:29,"11464808,11.14,8.79,-0.00,10.28,0.00,0.00,0.00"
2026-07-26 21:54:29,"11469632,11.14,8.84,-0.00,10.74,0.00,0.00,0.00"
2026-07-26 21:54:29,"11474448,11.14,8.90,-0.00,11.42,0.00,0.00,0.00"
2026-07-26 21:54:29,"11479260,11.14,8.96,-0.00,11.82,0.00,0.00,0.00"
2026-07-26 21:54:29,"11484076,11.14,9.03,-0.00,12.19,0.00,0.00,0.00"
2026-07-26 21:54:29,"11488896,11.14,9.09,-0.00,12.66,0.00,0.00,0.00"
2026-07-26 21:54:29,"11493704,11.14,9.16,-0.00,13.34,0.00,0.00,0.00"
2026-07-26 21:54:29,"11498532,11.14,9.23,-0.00,13.47,0.00,0.00,0.00"
2026-07-26 21:54:29,"11503352,11.14,9.29,-0.00,13.81,0.00,0.00,0.00"
2026-07-26 21:54:29,"11508184,11.14,9.36,-0.00,14.13,0.00,0.00,0.00"
2026-07-26 21:54:29,"11513004,11.14,9.43,-0.00,14.08,0.00,0.00,0.00"
2026-07-26 21:54:29,"11517828,11.14,9.50,-0.00,14.17,0.00,0.00,0.00"
2026-07-26 21:54:29,"11522636,11.14,9.57,-0.00,14.12,0.00,0.00,0.00"
2026-07-26 21:54:29,"11527448,11.14,9.64,-0.00,14.08,0.00,0.00,0.00"
2026-07-26 21:54:29,"11532256,11.14,9.70,-0.00,13.81,0.00,0.00,0.00"
2026-07-26 21:54:29,"11537072,11.14,9.77,-0.00,13.89,0.00,0.00,0.00"
2026-07-26 21:54:29,"11541876,11.14,9.83,-0.00,13.44,0.00,0.00,0.00"
2026-07-26 21:54:29,"11546696,11.14,9.89,-0.00,13.16,0.00,0.00,0.00"
2026-07-26 21:54:29,"11551516,11.14,9.95,-0.00,12.61,0.00,0.00,0.00"
2026-07-26 21:54:29,"11556336,11.14,10.00,-0.00,12.15,0.00,0.00,0.00"
2026-07-26 21:54:29,"11561192,11.14,10.06,-0.00,11.71,0.00,0.00,0.00"
2026-07-26 21:54:29,"11566052,11.14,10.11,-0.00,11.19,0.00,0.00,0.00"
2026-07-26 21:54:29,"11570924,11.14,10.15,-0.00,10.49,0.00,0.00,0.00"
2026-07-26 21:54:29,"11575796,11.14,10.19,-0.00,9.70,0.00,0.00,0.00"
2026-07-26 21:54:29,"11580616,11.14,10.23,-0.00,9.00,0.00,0.00,0.00"
2026-07-26 21:54:29,"11585428,11.14,10.27,-0.00,8.33,0.00,0.00,0.00"
2026-07-26 21:54:29,"11590248,11.14,10.30,-0.00,7.55,0.00,0.00,0.00"
2026-07-26 21:54:29,"11595064,11.14,10.33,-0.00,6.82,0.00,0.00,0.00"
2026-07-26 21:54:29,"11599892,11.14,10.35,-0.00,6.00,0.00,0.00,0.00"
2026-07-26 21:54:29,"11604700,11.14,10.37,-0.00,5.26,0.00,0.00,0.00"
2026-07-26 21:54:29,"11609524,11.14,10.38,-0.00,4.30,0.00,0.00,0.00"
2026-07-26 21:54:29,"11614348,11.14,10.40,-0.00,3.60,0.00,0.00,0.00"
2026-07-26 21:54:29,"11619164,11.14,10.40,-0.00,2.67,0.00,0.00,0.00"
2026-07-26 21:54:29,"11623972,11.14,10.40,-0.00,1.86,0.00,0.00,0.00"
2026-07-26 21:54:29,"11628788,11.14,10.40,-0.00,0.99,0.00,0.00,0.00"
2026-07-26 21:54:29,"11633604,11.14,10.40,-0.00,0.21,0.00,0.00,0.00"
2026-07-26 21:54:29,"11638412,11.14,10.39,-0.00,-0.64,0.00,0.00,0.00"
2026-07-26 21:54:29,"11643240,11.14,10.38,-0.00,-1.53,0.00,0.00,0.00"
2026-07-26 21:54:29,"11648080,11.14,10.36,-0.00,-2.31,0.00,0.00,0.00"
2026-07-26 21:54:29,"11652912,11.14,10.34,-0.00,-3.04,0.00,0.00,0.00"
2026-07-26 21:54:29,"11657736,11.14,10.31,-0.00,-3.86,0.00,0.00,0.00"
2026-07-26 21:54:29,"11662576,11.14,10.29,-0.00,-4.60,0.00,0.00,0.00"
2026-07-26 21:54:29,"11667396,11.14,10.26,-0.00,-5.30,0.00,0.00,0.00"
2026-07-26 21:54:29,"11672232,11.14,10.22,-0.00,-6.10,0.00,0.00,0.00"
2026-07-26 21:54:29,"11677064,11.14,10.18,-0.00,-6.84,0.00,0.00,0.00"
2026-07-26 21:54:29,"11681904,11.14,10.14,-0.00,-7.52,0.00,0.00,0.00"
2026-07-26 21:54:29,"11686736,11.14,10.10,-0.00,-8.20,0.00,0.00,0.00"
2026-07-26 21:54:29,"11691560,11.14,10.05,-0.00,-8.73,0.00,0.00,0.00"
2026-07-26 21:54:29,"11696392,11.14,10.00,-0.00,-9.30,0.00,0.00,0.00"
2026-07-26 21:54:29,"11701204,11.14,9.95,-0.00,-9.79,0.00,0.00,0.00"
2026-07-26 21:54:29,"11705988,11.14,9.90,-0.00,-10.36,0.00,0.00,0.00"
2026-07-26 21:54:29,"11710812,11.14,9.84,-0.00,-10.67,0.00,0.00,0.00"
2026-07-26 21:54:29,"11715644,11.14,9.79,-0.00,-11.23,0.00,0.00,0.00"
2026-07-26 21:54:29,"11720472,11.14,9.73,-0.00,-11.69,0.00,0.00,0.00"
2026-07-26 21:54:29,"11725304,11.14,9.67,-0.00,-11.84,0.00,0.00,0.00"
2026-07-26 21:54:29,"11730128,11.14,9.61,-0.00,-12.07,0.00,0.00,0.00"
2026-07-26 21:54:29,"11734952,11.14,9.55,-0.00,-12.33,0.00,0.00,0.00"
2026-07-26 21:54:29,"11739788,11.14,9.48,-0.00,-12.47,0.00,0.00,0.00"
2026-07-26 21:54:29,"11744620,11.14,9.42,-0.00,-12.44,0.00,0.00,0.00"
2026-07-26 21:54:29,"11749456,11.14,9.36,-0.00,-12.41,0.00,0.00,0.00"
2026-07-26 21:54:29,"11754292,11.14,9.31,-0.00,-12.39,0.00,0.00,0.00"
2026-07-26 21:54:29,"11759128,11.14,9.25,-0.00,-12.38,0.00,0.00,0.00"
2026-07-26 21:54:29,"11763956,11.14,9.19,-0.00,-12.01,0.00,0.00,0.00"
2026-07-26 21:54:29,"11768784,11.14,9.13,-0.00,-11.91,0.00,0.00,0.00"
2026-07-26 21:54:29,"11773632,11.14,9.08,-0.00,-11.70,0.00,0.00,0.00"
2026-07-26 21:54:29,"11778452,11.14,9.03,-0.00,-11.22,0.00,0.00,0.00"
2026-07-26 21:54:29,"11783292,11.14,8.98,-0.00,-10.79,0.00,0.00,0.00"
2026-07-26 21:54:29,"11788116,11.14,8.93,-0.00,-10.42,0.00,0.00,0.00"
2026-07-26 21:54:29,"11792952,11.14,8.89,-0.00,-9.80,0.00,0.00,0.00"
2026-07-26 21:54:29,"11797724,11.14,8.85,-0.00,-9.22,0.00,0.00,0.00"
2026-07-26 21:54:29,"11802504,11.14,8.81,-0.00,-8.62,0.00,0.00,0.00"
2026-07-26 21:54:29,"11807280,11.14,8.78,-0.00,-8.12,0.00,0.00,0.00"
2026-07-26 21:54:29,"11812064,11.14,8.75,-0.00,-7.44,0.00,0.00,0.00"
2026-07-26 21:54:29,"11816848,11.14,8.72,-0.00,-6.77,0.00,0.00,0.00"
2026-07-26 21:54:29,"11821628,11.14,8.69,-0.00,-6.25,0.00,0.00,0.00"
2026-07-26 21:54:29,"11826408,11.14,8.67,-0.00,-5.42,0.00,0.00,0.00"
2026-07-26 21:54:29,"11831192,11.14,8.65,-0.00,-4.79,0.00,0.00,0.00"
2026-07-26 21:54:29,"11835972,11.14,8.64,-0.00,-4.03,0.00,0.00,0.00"
2026-07-26 21:54:29,"11840752,11.14,8.63,-0.00,-3.32,0.00,0.00,0.00"
2026-07-26 21:54:29,"11845536,11.14,8.62,-0.00,-2.50,0.00,0.00,0.00"
2026-07-26 21:54:29,"11850316,11.14,8.62,-0.00,-1.76,0.00,0.00,0.00"
2026-07-26 21:54:29,"11855100,11.14,8.62,-0.00,-1.05,0.00,0.00,0.00"
2026-07-26 21:54:29,"11859828,11.14,8.62,-0.00,-0.37,0.00,0.00,0.00"
2026-07-26 21:54:29,"11864604,11.14,8.63,-0.00,0.42,0.00,0.00,0.00"
2026-07-26 21:54:29,"11869376,11.14,8.64,-0.00,1.02,0.00,0.00,0.00"
2026-07-26 21:54:29,"11874144,11.14,8.65,-0.00,1.77,0.00,0.00,0.00"
2026-07-26 21:54:29,"11878920,11.14,8.67,-0.00,2.48,0.00,0.00,0.00"
2026-07-26 21:54:29,"11883688,11.14,8.69,-0.00,3.16,0.00,0.00,0.00"
2026-07-26 21:54:29,"11888460,11.14,8.71,-0.00,3.95,0.00,0.00,0.00"
2026-07-26 21:54:29,"11893228,11.14,8.74,-0.00,4.56,0.00,0.00,0.00"
2026-07-26 21:54:29,"11898000,11.14,8.77,-0.00,5.18,0.00,0.00,0.00"
2026-07-26 21:54:29,"11902776,11.14,8.80,-0.00,5.81,0.00,0.00,0.00"
2026-07-26 21:54:29,"11907544,11.14,8.84,-0.00,6.31,0.00,0.00,0.00"
2026-07-26 21:54:30,"11912320,11.14,8.87,-0.00,6.87,0.00,0.00,0.00"
2026-07-26 21:54:30,"11917084,11.14,8.91,-0.00,7.34,0.00,0.00,0.00"
2026-07-26 21:54:30,"11921856,11.14,8.95,-0.00,7.88,0.00,0.00,0.00"
2026-07-26 21:54:30,"11926632,11.14,9.00,-0.00,8.32,0.00,0.00,0.00"
2026-07-26 21:54:30,"11931396,11.14,9.04,-0.00,8.73,0.00,0.00,0.00"
2026-07-26 21:54:30,"11936172,11.14,9.09,-0.00,9.22,0.00,0.00,0.00"
2026-07-26 21:54:30,"11940948,11.14,9.14,-0.00,9.64,0.00,0.00,0.00"
2026-07-26 21:54:30,"11945720,11.14,9.19,-0.00,10.16,0.00,0.00,0.00"
2026-07-26 21:54:30,"11950552,11.14,9.24,-0.00,10.29,0.00,0.00,0.00"
2026-07-26 21:54:30,"11955376,11.14,9.29,-0.00,10.37,0.00,0.00,0.00"
2026-07-26 21:54:30,"11960196,11.14,9.34,-0.00,10.55,0.00,0.00,0.00"
2026-07-26 21:54:30,"11965016,11.14,9.39,-0.00,10.53,0.00,0.00,0.00"
2026-07-26 21:54:30,"11969832,11.14,9.45,-0.00,10.78,0.00,0.00,0.00"
2026-07-26 21:54:30,"11974648,11.14,9.50,-0.00,10.67,0.00,0.00,0.00"
2026-07-26 21:54:30,"11979468,11.14,9.55,-0.00,10.73,0.00,0.00,0.00"
2026-07-26 21:54:30,"11984280,11.14,9.60,-0.00,10.65,0.00,0.00,0.00"
2026-07-26 21:54:30,"11989100,11.14,9.65,-0.00,10.46,0.00,0.00,0.00"
2026-07-26 21:54:30,"11993920,11.14,9.70,-0.00,10.35,0.00,0.00,0.00"
2026-07-26 21:54:30,"11998732,11.14,9.75,-0.00,10.16,0.00,0.00,0.00"
2026-07-26 21:54:30,"12003552,11.14,9.79,-0.00,9.92,0.00,0.00,0.00"
2026-07-26 21:54:30,"12008316,11.14,9.83,-0.00,9.43,0.00,0.00,0.00"
2026-07-26 21:54:30,"12013092,11.14,9.87,-0.00,9.13,0.00,0.00,0.00"
2026-07-26 21:54:30,"12017864,11.14,9.91,-0.00,8.56,0.00,0.00,0.00"
2026-07-26 21:54:30,"12022640,11.14,9.95,-0.00,8.22,0.00,0.00,0.00"
2026-07-26 21:54:30,"12027412,11.14,9.98,-0.00,7.76,0.00,0.00,0.00"
2026-07-26 21:54:30,"12032180,11.14,10.01,-0.00,7.23,0.00,0.00,0.00"
2026-07-26 21:54:30,"12037000,11.14,10.04,-0.00,6.76,0.00,0.00,0.00"
2026-07-26 21:54:30,"12041808,11.14,10.07,-0.00,6.10,0.00,0.00,0.00"
2026-07-26 21:54:30,"12046612,11.14,10.09,-0.00,5.57,0.00,0.00,0.00"
2026-07-26 21:54:30,"12051424,11.14,10.11,-0.00,4.87,0.00,0.00,0.00"
2026-07-26 21:54:30,"12056252,11.14,10.12,-0.00,4.20,0.00,0.00,0.00"
2026-07-26 21:54:30,"12061072,11.14,10.14,-0.00,3.54,0.00,0.00,0.00"
2026-07-26 21:54:30,"12065908,11.14,10.14,-0.00,2.88,0.00,0.00,0.00"
2026-07-26 21:54:30,"12070724,11.14,10.15,-0.00,2.37,0.00,0.00,0.00"
2026-07-26 21:54:30,"12075548,11.14,10.15,-0.00,1.55,0.00,0.00,0.00"
2026-07-26 21:54:30,"12080368,11.14,10.15,-0.00,0.80,0.00,0.00,0.00"
2026-07-26 21:54:30,"12085184,11.14,10.15,-0.00,0.23,0.00,0.00,0.00"
2026-07-26 21:54:30,"12090008,11.14,10.14,-0.00,-0.50,0.00,0.00,0.00"
2026-07-26 21:54:30,"12094820,11.14,10.13,-0.00,-1.07,0.00,0.00,0.00"
2026-07-26 21:54:30,"12099660,11.14,10.12,-0.00,-1.78,0.00,0.00,0.00"
2026-07-26 21:54:30,"12104488,11.14,10.10,-0.00,-2.34,0.00,0.00,0.00"
2026-07-26 21:54:30,"12109320,11.14,10.08,-0.00,-2.93,0.00,0.00,0.00"
2026-07-26 21:54:30,"12114152,11.14,10.06,-0.00,-3.66,0.00,0.00,0.00"
2026-07-26 21:54:30,"12118980,11.14,10.04,-0.00,-4.23,0.00,0.00,0.00"
2026-07-26 21:54:30,"12123812,11.14,10.01,-0.00,-4.70,0.00,0.00,0.00"
2026-07-26 21:54:30,"12128640,11.14,9.98,-0.00,-5.23,0.00,0.00,0.00"
2026-07-26 21:54:30,"12133424,11.14,9.95,-0.00,-5.83,0.00,0.00,0.00"
2026-07-26 21:54:30,"12138200,11.14,9.92,-0.00,-6.20,0.00,0.00,0.00"
2026-07-26 21:54:30,"12142976,11.14,9.88,-0.00,-6.67,0.00,0.00,0.00"
2026-07-26 21:54:30,"12147760,11.14,9.85,-0.00,-7.08,0.00,0.00,0.00"
2026-07-26 21:54:30,"12152532,11.14,9.81,-0.00,-7.59,0.00,0.00,0.00"
2026-07-26 21:54:30,"12157316,11.14,9.77,-0.00,-7.89,0.00,0.00,0.00"
2026-07-26 21:54:30,"12162104,11.14,9.72,-0.00,-8.19,0.00,0.00,0.00"
2026-07-26 21:54:30,"12166884,11.14,9.68,-0.00,-8.51,0.00,0.00,0.00"
2026-07-26 21:54:30,"12171672,11.14,9.64,-0.00,-8.82,0.00,0.00,0.00"
2026-07-26 21:54:30,"12176456,11.14,9.59,-0.00,-8.88,0.00,0.00,0.00"
2026-07-26 21:54:30,"12181236,11.14,9.55,-0.00,-8.93,0.00,0.00,0.00"
2026-07-26 21:54:30,"12186024,11.14,9.50,-0.00,-9.20,0.00,0.00,0.00"
2026-07-26 21:54:30,"12190800,11.14,9.46,-0.00,-9.25,0.00,0.00,0.00"
2026-07-26 21:54:30,"12195580,11.14,9.42,-0.00,-9.27,0.00,0.00,0.00"
2026-07-26 21:54:30,"12200368,11.14,9.37,-0.00,-9.15,0.00,0.00,0.00"
2026-07-26 21:54:30,"12205156,11.14,9.33,-0.00,-9.33,0.00,0.00,0.00"
2026-07-26 21:54:30,"12209940,11.14,9.29,-0.00,-9.06,0.00,0.00,0.00"
2026-07-26 21:54:30,"12214716,11.14,9.24,-0.00,-8.91,0.00,0.00,0.00"
2026-07-26 21:54:30,"12219504,11.14,9.20,-0.00,-8.68,0.00,0.00,0.00"
2026-07-26 21:54:30,"12224280,11.14,9.17,-0.00,-8.42,0.00,0.00,0.00"
2026-07-26 21:54:30,"12229060,11.14,9.13,-0.00,-8.26,0.00,0.00,0.00"
2026-07-26 21:54:30,"12233852,11.14,9.09,-0.00,-7.77,0.00,0.00,0.00"
2026-07-26 21:54:30,"12238624,11.14,9.06,-0.00,-7.49,0.00,0.00,0.00"
2026-07-26 21:54:30,"12243392,11.14,9.03,-0.00,-7.20,0.00,0.00,0.00"
2026-07-26 21:54:30,"12248172,11.14,9.00,-0.00,-6.76,0.00,0.00,0.00"
2026-07-26 21:54:30,"12252940,11.14,8.97,-0.00,-6.37,0.00,0.00,0.00"
2026-07-26 21:54:30,"12257720,11.14,8.94,-0.00,-6.00,0.00,0.00,0.00"
2026-07-26 21:54:30,"12262492,11.14,8.92,-0.00,-5.53,0.00,0.00,0.00"
2026-07-26 21:54:30,"12267276,11.14,8.90,-0.00,-4.86,0.00,0.00,0.00"
2026-07-26 21:54:30,"12272052,11.14,8.89,-0.00,-4.33,0.00,0.00,0.00"
2026-07-26 21:54:30,"12276840,11.14,8.87,-0.00,-3.88,0.00,0.00,0.00"
2026-07-26 21:54:30,"12281616,11.14,8.86,-0.00,-3.35,0.00,0.00,0.00"
2026-07-26 21:54:30,"12286400,11.14,8.85,-0.00,-2.78,0.00,0.00,0.00"
2026-07-26 21:54:30,"12291188,11.14,8.84,-0.00,-2.18,0.00,0.00,0.00"
2026-07-26 21:54:30,"12295964,11.14,8.84,-0.00,-1.57,0.00,0.00,0.00"
2026-07-26 21:54:30,"12300744,11.14,8.84,-0.00,-1.07,0.00,0.00,0.00"
2026-07-26 21:54:30,"12305528,11.14,8.84,-0.00,-0.38,0.00,0.00,0.00"
2026-07-26 21:54:30,"12310304,11.14,8.84,-0.00,0.03,0.00,0.00,0.00"
2026-07-26 21:54:30,"12315068,11.14,8.85,-0.00,0.66,0.00,0.00,0.00"
2026-07-26 21:54:30,"12319844,11.14,8.86,-0.00,1.17,0.00,0.00,0.00"
2026-07-26 21:54:30,"12324616,11.14,8.87,-0.00,1.73,0.00,0.00,0.00"
2026-07-26 21:54:30,"12329392,11.14,8.89,-0.00,2.32,0.00,0.00,0.00"
2026-07-26 21:54:30,"12334168,11.14,8.91,-0.00,2.81,0.00,0.00,0.00"
2026-07-26 21:54:30,"12338944,11.14,8.92,-0.00,3.23,0.00,0.00,0.00"
2026-07-26 21:54:30,"12343720,11.14,8.95,-0.00,3.73,0.00,0.00,0.00"
2026-07-26 21:54:30,"12348500,11.14,8.97,-0.00,4.17,0.00,0.00,0.00"
2026-07-26 21:54:30,"12353276,11.14,9.00,-0.00,4.68,0.00,0.00,0.00"
2026-07-26 21:54:30,"12358044,11.14,9.02,-0.00,5.00,0.00,0.00,0.00"
2026-07-26 21:54:30,"12362808,11.14,9.05,-0.00,5.45,0.00,0.00,0.00"
2026-07-26 21:54:30,"12367580,11.14,9.08,-0.00,5.84,0.00,0.00,0.00"
2026-07-26 21:54:30,"12372344,11.14,9.11,-0.00,6.21,0.00,0.00,0.00"
2026-07-26 21:54:30,"12377136,11.14,9.15,-0.00,6.54,0.00,0.00,0.00"
2026-07-26 21:54:30,"12381912,11.14,9.18,-0.00,6.88,0.00,0.00,0.00"
2026-07-26 21:54:30,"12386684,11.14,9.22,-0.00,6.96,0.00,0.00,0.00"
2026-07-26 21:54:30,"12391464,11.14,9.25,-0.00,7.38,0.00,0.00,0.00"
2026-07-26 21:54:30,"12396236,11.14,9.29,-0.00,7.52,0.00,0.00,0.00"
2026-07-26 21:54:30,"12401008,11.14,9.33,-0.00,7.60,0.00,0.00,0.00"
2026-07-26 21:54:30,"12405784,11.14,9.36,-0.00,7.64,0.00,0.00,0.00"
2026-07-26 21:54:30,"12410556,11.14,9.40,-0.00,7.93,0.00,0.00,0.00"
2026-07-26 21:54:30,"12415328,11.14,9.44,-0.00,7.84,0.00,0.00,0.00"
2026-07-26 21:54:30,"12420104,11.14,9.48,-0.00,7.79,0.00,0.00,0.00"
2026-07-26 21:54:30,"12424876,11.14,9.52,-0.00,7.89,0.00,0.00,0.00"
2026-07-26 21:54:30,"12429648,11.14,9.55,-0.00,7.69,0.00,0.00,0.00"
2026-07-26 21:54:30,"12434416,11.14,9.59,-0.00,7.70,0.00,0.00,0.00"
2026-07-26 21:54:30,"12439184,11.14,9.62,-0.00,7.45,0.00,0.00,0.00"
2026-07-26 21:54:30,"12443960,11.14,9.66,-0.00,7.30,0.00,0.00,0.00"
2026-07-26 21:54:30,"12448728,11.14,9.69,-0.00,7.08,0.00,0.00,0.00"
2026-07-26 21:54:30,"12453492,11.14,9.72,-0.00,6.82,0.00,0.00,0.00"
2026-07-26 21:54:30,"12458268,11.14,9.75,-0.00,6.66,0.00,0.00,0.00"
2026-07-26 21:54:30,"12463040,11.14,9.78,-0.00,6.31,0.00,0.00,0.00"
2026-07-26 21:54:30,"12467812,11.14,9.81,-0.00,6.10,0.00,0.00,0.00"
2026-07-26 21:54:30,"12472580,11.14,9.83,-0.00,5.59,0.00,0.00,0.00"
2026-07-26 21:54:30,"12477352,11.14,9.85,-0.00,5.28,0.00,0.00,0.00"
2026-07-26 21:54:30,"12482124,11.14,9.87,-0.00,4.84,0.00,0.00,0.00"
2026-07-26 21:54:30,"12486896,11.14,9.89,-0.00,4.45,0.00,0.00,0.00"
2026-07-26 21:54:30,"12491668,11.14,9.90,-0.00,3.95,0.00,0.00,0.00"
2026-07-26 21:54:30,"12496436,11.14,9.92,-0.00,3.53,0.00,0.00,0.00"
2026-07-26 21:54:30,"12501204,11.14,9.93,-0.00,3.02,0.00,0.00,0.00"
2026-07-26 21:54:30,"12505976,11.14,9.94,-0.00,2.58,0.00,0.00,0.00"
2026-07-26 21:54:30,"12510748,11.14,9.94,-0.00,2.06,0.00,0.00,0.00"
2026-07-26 21:54:30,"12515516,11.14,9.95,-0.00,1.50,0.00,0.00,0.00"
2026-07-26 21:54:30,"12520288,11.14,9.95,-0.00,1.03,0.00,0.00,0.00"
2026-07-26 21:54:30,"12525060,11.14,9.95,-0.00,0.62,0.00,0.00,0.00"
2026-07-26 21:54:30,"12529792,11.14,9.94,-0.00,-0.02,0.00,0.00,0.00"
2026-07-26 21:54:30,"12534560,11.14,9.94,-0.00,-0.40,0.00,0.00,0.00"
2026-07-26 21:54:30,"12539336,11.14,9.93,-0.00,-0.88,0.00,0.00,0.00"
2026-07-26 21:54:30,"12544120,11.14,9.92,-0.00,-1.30,0.00,0.00,0.00"
2026-07-26 21:54:30,"12548892,11.14,9.91,-0.00,-1.81,0.00,0.00,0.00"
2026-07-26 21:54:30,"12553676,11.14,9.90,-0.00,-2.24,0.00,0.00,0.00"
